Region,Province,City,EMP_w_2024,months_observed_2024,quality_flag,projection_note,DEM_Region_std,DEM_geo_source_for_demand,DEM_households_single_duplex_2020,DEM_units_single_duplex_2020,DEM_single_house_households_2020,DEM_single_house_occupied_units_2020,DEM_duplex_households_2020,DEM_duplex_occupied_units_2020,DEM_CAGR_occ_2015_2020,DEM_households_single_duplex_2024,DEM_units_single_duplex_2024,DEM_single_house_households_2024,DEM_single_house_occupied_units_2024,DEM_duplex_households_2024,DEM_duplex_occupied_units_2024,DEM_CAGR_occ_2015_2020.1,DEM_growth_rate_used_value,DEM_growth_rate_used_basis,DEM_growth_rate_geo_source,DEM_years_used_from,DEM_years_used_to,GRDP_city_raw,GRDP_grdp_pc_2024_const,GRDP_geo_source_for_grdp,INC_income_per_hh_2018,INC_income_per_hh_2021,INC_income_per_hh_2023p,INC_income_total_2023p_millions,INC_geo_source_for_income,INC_cagr_21_23p,INC_cagr_18_23p,INC_growth_rate_used_income,INC_years_used_income,INC_growth_rate_geo_source_income,INC_switched_to_longer_cagr,INC_switch_reason,INC_income_per_hh_2024,INC_qa_flag_missing_any_cagr,INC_qa_flag_nonpositive_2024,RISK_Risk_Gate,RISK_Risk_Gate_Reasons,RISK_Fault_Distance_km,RISK_Nearest_Fault_Name,RISK_Flood_Level_Num,RISK_StormSurge_Level_Num,RISK_Landslide_Level_Num,RISK_events_50km,RISK_events_50km_per_year,RISK_m5plus_50km,RISK_avg_mag_50km,RISK_avg_depth_km_50km,RISK_EarthquakeRisk,RISK_HydroMean,RISK_HazardSafetyIndex,RISK_Flood_Level_Tip,RISK_StormSurge_Level_Tip,RISK_Landslide_Level_Tip,RISK_Risk_Gate_Tip,RISK_Risk_Gate_Reasons_ASCII,PRICE_median_2024_final,price_source_flag,Amort_1yr,Amort_3yr,Amort_5yr,Amort_10yr,Amort_15yr,Amort_20yr,Amort_25yr,Amort_30yr,rate_snapshot_date,rate_1yr,rate_3yr,rate_5yr,rate_10yr,rate_15yr,rate_20yr,rate_25yr,rate_30yr,MonthlyIncome,IPR_1yr,IPR_3yr,IPR_5yr,IPR_10yr,IPR_15yr,IPR_20yr,IPR_25yr,IPR_30yr,AffordabilityScore,EconomyScore,DemandScore,HazardSafety_NoFault,ProfitabilityScore,FinalCityScore
NCR,NCR,Caloocan City,468326,8,A,ETS-only monthly projection; EMP_w_2024 = mean of 12 months,National Capital Region,city,333696,312768,314759,294947,18937,17821,0.018713957,359385,336846,338990,317653,20395,19193,0.018713957,0.018713957,PSA Occupied Housing Units CAGR (2015-2020),region_fallback,2020,2024,Caloocan City,503483,region,371460,334580,393240,154161.91,city,0.084123742,0.011460964,0.084123742,2021–2023p,city,False,,426320.8202,False,False,PASS,Fault distance > 1 km; hydro hazards < Level 3; quake frequency/severity below REVIEW thresholds,9.4,Valley Fault System,1,1,1,104,13,0,2.03,25.39,0.607464555,0.333333333,0.557014178,Flood Level 1 (Low): up to 0.5 m; usually minor. Depth and velocity are both low.,Storm Surge 1 (Low): 0.2 to 0.5 m and low depth x velocity (<0.5 m2/s).,Landslide 1 (Low): build only with ongoing monitoring and good drainage.,PASS: fault distance > 1 km; all hazards below Level 3; quake metrics below review thresholds.,Fault distance > 1 km; hydro hazards < Level 3; quake frequency/severity below REVIEW thresholds,4500000.0,city_median>=5,386782.03962156444,137409.0368249486,88047.66698427901,52539.181859487086,42357.408886810066,39052.04550144903,38149.77252746306,38661.948542643826,2025-10-15,0.0575,0.0625,0.065,0.07125,0.0775,0.085,0.09125,0.0975,35526.735016666666,0.09185208044154987,0.2585472967249289,0.40349433702780557,0.6761950559428352,0.8387372115136522,0.9097278915991339,0.9312436919798635,0.9189069965648771,0.47051015181517286,0.5531167150248488,0.40181029406583896,0.9306264967025267,0.47514572030195357,0.7028861085022402
NCR,NCR,City of Manila,854936,8,A,ETS-only monthly projection; EMP_w_2024 = mean of 12 months,National Capital Region,city,292166,265704,277663,252720,14503,12984,0.018713957,314658,286159,299038,272175,15619,13984,0.018713957,0.018713957,PSA Occupied Housing Units CAGR (2015-2020),region_fallback,2020,2024,City of Manila,503483,region,423150,413680,482790,246232.67,city,0.080306205,0.026721802,0.080306205,2021–2023p,city,False,,521561.0328,False,False,REVIEW,High hydro hazard: StormSurge L3,5.4,Valley Fault System,1,3,1,128,16,0,2.06,24.52,0.658243136,0.666666667,0.403369412,Flood Level 1 (Low): up to 0.5 m; usually minor. Depth and velocity are both low.,Storm Surge 3 (High): >1.5 m or depth x velocity >1.5 m2/s; elevate or avoid exposed coast.,Landslide 1 (Low): build only with ongoing monitoring and good drainage.,"REVIEW: see Risk_Gate_Reasons_ASCII for specific triggers (fault crossing or <=1 km, hydro L3, high quake activity).",High hydro hazard: StormSurge L3,28643000.0,inherit_province,2461910.6579734376,874623.787061556,560433.1834290453,334417.7302225086,269609.61394331127,248570.6087328899,242827.5410009165,246087.59824598825,2025-10-15,0.0575,0.0625,0.065,0.07125,0.0775,0.085,0.09125,0.0975,43463.4194,0.01765434470955889,0.04969384556304212,0.0775532582386831,0.12996744930683288,0.16120871494270497,0.17485341336837257,0.17898883800761278,0.17661767480275103,0.07005410710633042,0.6804430948797413,0.33803605489765826,0.7278406144932229,0.36284441896124325,0.5453425167272331
NCR,NCR,Las Pinas City,208612,8,A,ETS-only monthly projection; EMP_w_2024 = mean of 12 months,National Capital Region,city,131470,119039,123735,111899,7735,7140,0.018713957,141591,128203,133261,120513,8330,7690,0.018713957,0.018713957,PSA Occupied Housing Units CAGR (2015-2020),region_fallback,2020,2024,Las Piñas City,503483,region,519190,414530,594930,96816.95,city,0.197994851,0.027609026,0.027609026,2018–2023p,city,True,abs>15%,611355.4376,False,False,REVIEW,High hydro hazard: StormSurge L3,3.7,Valley Fault System,1,3,1,406,52,0,2.29,19.5,0.772095937,0.666666667,0.357828292,Flood Level 1 (Low): up to 0.5 m; usually minor. Depth and velocity are both low.,Storm Surge 3 (High): >1.5 m or depth x velocity >1.5 m2/s; elevate or avoid exposed coast.,Landslide 1 (Low): build only with ongoing monitoring and good drainage.,"REVIEW: see Risk_Gate_Reasons_ASCII for specific triggers (fault crossing or <=1 km, hydro L3, high quake activity).",High hydro hazard: StormSurge L3,17000000.0,city_median>=5,1461176.5941259102,519100.805783139,332624.5197183874,198481.35369139566,160016.87801683805,147529.94967214076,144121.3628815271,146056.2500499878,2025-10-15,0.0575,0.0625,0.065,0.07125,0.0775,0.085,0.09125,0.0975,50946.286466666665,0.03486661822498137,0.09814333921097808,0.1531645547652342,0.2566804665484062,0.31838070519852135,0.34532843385282636,0.3534957305985673,0.3488127789754309,0.16295126770608415,0.4675823433902983,0.13929626516756669,0.7032427841437285,0.2566099587546497,0.47992637144918915
NCR,NCR,Makati City,652229,8,A,ETS-only monthly projection; EMP_w_2024 = mean of 12 months,National Capital Region,city,78644,75706,73564,70814,5080,4892,0.018713957,84698,81534,79227,76266,5471,5269,0.018713957,0.018713957,PSA Occupied Housing Units CAGR (2015-2020),region_fallback,2020,2024,Makati City,503483,region,651400,579570,799540,164347.09,city,0.174538209,0.041833909,0.041833909,2018–2023p,city,True,abs>15%,832987.8833,False,False,PASS,Fault distance > 1 km; hydro hazards < Level 3; quake frequency/severity below REVIEW thresholds,2.3,Valley Fault System,1,1,1,202,26,0,2.15,20.94,0.72640335,0.333333333,0.50943866,Flood Level 1 (Low): up to 0.5 m; usually minor. Depth and velocity are both low.,Storm Surge 1 (Low): 0.2 to 0.5 m and low depth x velocity (<0.5 m2/s).,Landslide 1 (Low): build only with ongoing monitoring and good drainage.,PASS: fault distance > 1 km; all hazards below Level 3; quake metrics below review thresholds.,Fault distance > 1 km; hydro hazards < Level 3; quake frequency/severity below REVIEW thresholds,121500000.0,city_median>=5,10443115.06978224,3710043.9942736113,2377287.0085755335,1418557.9102061512,1143650.039943872,1054405.228539124,1030043.8582415024,1043872.6106513833,2025-10-15,0.0575,0.0625,0.065,0.07125,0.0775,0.085,0.09125,0.0975,69415.65694166666,0.006647025957084864,0.018710197789785922,0.02919952731465117,0.048933960638645246,0.060696589443632105,0.06583394606060698,0.06739097212828736,0.06649820699706915,0.01064599596952799,0.6136834443760149,0.08057746216601157,0.91744617179242,0.23496896750385146,0.5762075696481358
NCR,NCR,Malabon City,130836,8,A,ETS-only monthly projection; EMP_w_2024 = mean of 12 months,National Capital Region,city,84990,79262,82935,77315,2055,1947,0.018713957,91533,85364,89320,83267,2213,2097,0.018713957,0.018713957,PSA Occupied Housing Units CAGR (2015-2020),region_fallback,2020,2024,Malabon City,503483,region,357800,350280,380600,34270.92,city,0.042381564,0.012431595,0.042381564,2021–2023p,city,False,,396730.4231,False,False,REVIEW,High hydro hazard: StormSurge L3,11.0,Valley Fault System,2,3,1,75,10,0,1.93,30.0,0.553892017,0.833333333,0.378443193,Flood Level 2 (Medium): 0.5 to 1.5 m or stronger flow; design for raised floors and drainage.,Storm Surge 3 (High): >1.5 m or depth x velocity >1.5 m2/s; elevate or avoid exposed coast.,Landslide 1 (Low): build only with ongoing monitoring and good drainage.,"REVIEW: see Risk_Gate_Reasons_ASCII for specific triggers (fault crossing or <=1 km, hydro L3, high quake activity).",High hydro hazard: StormSurge L3,28643000.0,inherit_province,2461910.6579734376,874623.787061556,560433.1834290453,334417.7302225086,269609.61394331127,248570.6087328899,242827.5410009165,246087.59824598825,2025-10-15,0.0575,0.0625,0.065,0.07125,0.0775,0.085,0.09125,0.0975,33060.868591666665,0.013428947344044265,0.03780010226195671,0.05899163284618817,0.09886099211805918,0.12262496172936221,0.13300393300799837,0.13614958359085752,0.1343459354608319,0.04724901878895753,0.4419675467746026,0.08539635726759841,0.6395073065956765,0.1915376409437195,0.415522473769698
NCR,NCR,Mandaluyong City,304059,8,A,ETS-only monthly projection; EMP_w_2024 = mean of 12 months,National Capital Region,city,64000,58513,60997,55824,3003,2689,0.018713957,68927,63018,65693,60122,3234,2896,0.018713957,0.018713957,PSA Occupied Housing Units CAGR (2015-2020),region_fallback,2020,2024,Mandaluyong City,503483,region,666560,476560,666020,93875.35,city,0.182183359,-0.000162078,-0.000162078,2018–2023p,city,True,abs>15% & sign_flip,665912.0525,False,False,PASS,Fault distance > 1 km; hydro hazards < Level 3; quake frequency/severity below REVIEW thresholds,1.9,Valley Fault System,1,1,1,179,23,0,2.06,21.34,0.701966298,0.333333333,0.519213481,Flood Level 1 (Low): up to 0.5 m; usually minor. Depth and velocity are both low.,Storm Surge 1 (Low): 0.2 to 0.5 m and low depth x velocity (<0.5 m2/s).,Landslide 1 (Low): build only with ongoing monitoring and good drainage.,PASS: fault distance > 1 km; all hazards below Level 3; quake metrics below review thresholds.,Fault distance > 1 km; hydro hazards < Level 3; quake frequency/severity below REVIEW thresholds,28643000.0,inherit_province,2461910.6579734376,874623.787061556,560433.1834290453,334417.7302225086,269609.61394331127,248570.6087328899,242827.5410009165,246087.59824598825,2025-10-15,0.0575,0.0625,0.065,0.07125,0.0775,0.085,0.09125,0.0975,55492.67104166667,0.02254048938044989,0.0634474752031425,0.09901746128259449,0.16593818457156562,0.2058260097999869,0.22324711406769024,0.22852708886697998,0.2254996653110345,0.09642534538572925,0.4990169182280157,0.05728068365400585,0.9194661138917218,0.21757431575591693,0.5685202148238194
NCR,NCR,Marikina City,210669,8,A,ETS-only monthly projection; EMP_w_2024 = mean of 12 months,National Capital Region,city,88070,81943,82978,77125,5092,4818,0.018713957,94850,88251,89366,83062,5484,5189,0.018713957,0.018713957,PSA Occupied Housing Units CAGR (2015-2020),region_fallback,2020,2024,Marikina City,503483,region,475240,482950,556550,60399.48,city,0.073497428,0.032091592,0.073497428,2021–2023p,city,False,,597454.9937,False,False,REVIEW,Active fault trace crosses city — micro-siting required (avoid rupture buffer); High hydro hazard: Flood L3,0.0,Valley Fault System,3,1,1,191,24,0,2.04,20.17,0.717256782,0.666666667,0.379763954,Flood Level 3 (High): above 1.5 m or high-velocity flow; avoid or elevate site significantly.,Storm Surge 1 (Low): 0.2 to 0.5 m and low depth x velocity (<0.5 m2/s).,Landslide 1 (Low): build only with ongoing monitoring and good drainage.,"REVIEW: see Risk_Gate_Reasons_ASCII for specific triggers (fault crossing or <=1 km, hydro L3, high quake activity).",Active fault trace crosses city  micro-siting required (avoid rupture buffer); High hydro hazard: Flood L3,8500000.0,city_median>=5,730588.2970629551,259550.4028915695,166312.2598591937,99240.67684569783,80008.43900841902,73764.97483607038,72060.68144076355,73028.1250249939,2025-10-15,0.0575,0.0625,0.065,0.07125,0.0775,0.085,0.09125,0.0975,49787.91614166667,0.06814770554335395,0.19182369045470604,0.29936407685049204,0.50168859911222,0.6222833085948303,0.6749533400141667,0.6909165323754829,0.6817635825187451,0.34257416939766216,0.46825979706030557,0.08902877245252822,0.7171033858571274,0.29995424630349865,0.508528816080313
NCR,NCR,Muntinlupa City,320344,8,A,ETS-only monthly projection; EMP_w_2024 = mean of 12 months,National Capital Region,city,104684,94994,98562,89550,6122,5444,0.018713957,112743,102307,106150,96444,6593,5863,0.018713957,0.018713957,PSA Occupied Housing Units CAGR (2015-2020),region_fallback,2020,2024,Muntinlupa City,503483,region,461380,399400,506180,80328.59,city,0.125766862,0.01870689,0.125766862,2021–2023p,city,False,,569840.67,False,False,REVIEW,Active fault trace crosses city — micro-siting required (avoid rupture buffer),0.0,Valley Fault System,2,1,1,619,79,0,2.33,19.31,0.837346051,0.5,0.398394913,Flood Level 2 (Medium): 0.5 to 1.5 m or stronger flow; design for raised floors and drainage.,Storm Surge 1 (Low): 0.2 to 0.5 m and low depth x velocity (<0.5 m2/s).,Landslide 1 (Low): build only with ongoing monitoring and good drainage.,"REVIEW: see Risk_Gate_Reasons_ASCII for specific triggers (fault crossing or <=1 km, hydro L3, high quake activity).",Active fault trace crosses city  micro-siting required (avoid rupture buffer),33904000.0,city_median>=5,2914101.838073227,1035270.2187806793,663370.6892077768,395841.87150312227,319130.1313107575,294226.78904025065,287428.863949135,291287.7118643992,2025-10-15,0.0575,0.0625,0.065,0.07125,0.0775,0.085,0.09125,0.0975,47486.7225,0.01629549176338934,0.04586891580434809,0.07158399258898596,0.11996386920787243,0.14880049810702184,0.16139496561444563,0.1652120870797566,0.16302343204270187,0.062720178775558,0.5043802303408347,0.10671399165563647,0.7906204451970488,0.22460480025734306,0.5076126227271959
NCR,NCR,Navotas City,84523,8,A,ETS-only monthly projection; EMP_w_2024 = mean of 12 months,National Capital Region,city,55332,48368,53708,46919,1624,1449,0.018713957,59592,52092,57843,50531,1749,1561,0.018713957,0.018713957,PSA Occupied Housing Units CAGR (2015-2020),region_fallback,2020,2024,Navotas City,503483,region,354760,327420,336980,21291.41,city,0.014493949,-0.010230889,-0.010230889,2018–2023p,city,True,sign_flip,333532.3949,False,False,PASS,Fault distance > 1 km; hydro hazards < Level 3; quake frequency/severity below REVIEW thresholds,12.2,Valley Fault System,1,1,1,80,11,0,1.97,30.4,0.553669705,0.333333333,0.578532118,Flood Level 1 (Low): up to 0.5 m; usually minor. Depth and velocity are both low.,Storm Surge 1 (Low): 0.2 to 0.5 m and low depth x velocity (<0.5 m2/s).,Landslide 1 (Low): build only with ongoing monitoring and good drainage.,PASS: fault distance > 1 km; all hazards below Level 3; quake metrics below review thresholds.,Fault distance > 1 km; hydro hazards < Level 3; quake frequency/severity below REVIEW thresholds,28643000.0,inherit_province,2461910.6579734376,874623.787061556,560433.1834290453,334417.7302225086,269609.61394331127,248570.6087328899,242827.5410009165,246087.59824598825,2025-10-15,0.0575,0.0625,0.065,0.07125,0.0775,0.085,0.09125,0.0975,27794.366241666667,0.01128975422062881,0.03177865346544765,0.049594433490902715,0.0831127172090229,0.10309115403989552,0.11181678470898407,0.11446134209941929,0.11294500998739287,0.0357034802543907,0.42671479431031134,0.043533621544361516,0.9397031444604506,0.16865063203635453,0.5541768882484025
NCR,NCR,Paranaque City,396355,8,A,ETS-only monthly projection; EMP_w_2024 = mean of 12 months,National Capital Region,city,146317,136863,140583,131629,5734,5234,0.018713957,157581,147399,151406,141762,6175,5637,0.018713957,0.018713957,PSA Occupied Housing Units CAGR (2015-2020),region_fallback,2020,2024,Parañaque City,503483,region,521160,477670,556450,114375.68,city,0.079317181,0.013190279,0.079317181,2021–2023p,city,False,,600586.0451,False,False,PASS,Fault distance > 1 km; hydro hazards < Level 3; quake frequency/severity below REVIEW thresholds,1.2,Valley Fault System,1,2,1,356,45,0,2.24,19.69,0.777212172,0.5,0.422448465,Flood Level 1 (Low): up to 0.5 m; usually minor. Depth and velocity are both low.,Storm Surge 2 (Medium): 0.5 to 1.5 m or depth x velocity 0.5 to 1.5 m2/s.,Landslide 1 (Low): build only with ongoing monitoring and good drainage.,PASS: fault distance > 1 km; all hazards below Level 3; quake metrics below review thresholds.,Fault distance > 1 km; hydro hazards < Level 3; quake frequency/severity below REVIEW thresholds,24950000.0,city_median>=5,2144491.530790674,761856.7708405483,488175.39805728034,291300.57497648953,234848.30038353582,216521.89672470075,211519.29434671183,214359.02580865857,2025-10-15,0.0575,0.0625,0.065,0.07125,0.0775,0.085,0.09125,0.0975,50048.83709166667,0.02333832350142864,0.06569323658625273,0.1025222436256285,0.17181166599381426,0.21311134468476386,0.23114907937141266,0.23661594204086706,0.2334813610150539,0.10073137296553251,0.5294137407496451,0.16344861774460612,0.8067446019177699,0.26453124381992793,0.5356379228688489
NCR,NCR,Pasay City,325219,8,A,ETS-only monthly projection; EMP_w_2024 = mean of 12 months,National Capital Region,city,69342,60326,65408,56954,3934,3372,0.018713957,74680,64970,70443,61339,4237,3632,0.018713957,0.018713957,PSA Occupied Housing Units CAGR (2015-2020),region_fallback,2020,2024,Pasay City,503483,region,429850,393060,477310,58005.62,city,0.101972716,0.021166879,0.101972716,2021–2023p,city,False,,525982.5969,False,False,PASS,Fault distance > 1 km; hydro hazards < Level 3; quake frequency/severity below REVIEW thresholds,3.7,Valley Fault System,1,2,1,203,26,0,2.19,21.08,0.724011536,0.5,0.443728719,Flood Level 1 (Low): up to 0.5 m; usually minor. Depth and velocity are both low.,Storm Surge 2 (Medium): 0.5 to 1.5 m or depth x velocity 0.5 to 1.5 m2/s.,Landslide 1 (Low): build only with ongoing monitoring and good drainage.,PASS: fault distance > 1 km; all hazards below Level 3; quake metrics below review thresholds.,Fault distance > 1 km; hydro hazards < Level 3; quake frequency/severity below REVIEW thresholds,28643000.0,inherit_province,2461910.6579734376,874623.787061556,560433.1834290453,334417.7302225086,269609.61394331127,248570.6087328899,242827.5410009165,246087.59824598825,2025-10-15,0.0575,0.0625,0.065,0.07125,0.0775,0.085,0.09125,0.0975,43831.883075,0.017804010447349434,0.05011512803952028,0.07821072051232208,0.13106925594476096,0.16257537123366894,0.1763357433867053,0.18050622632971672,0.17811496145037675,0.07086187500912089,0.5059857658980954,0.05973668449951434,0.8176743241656121,0.21219477513557686,0.5149345496505945
NCR,NCR,Pasig City,539566,8,A,ETS-only monthly projection; EMP_w_2024 = mean of 12 months,National Capital Region,city,136386,124606,124121,113387,12265,11219,0.018713957,146885,134199,133676,122116,13209,12083,0.018713957,0.018713957,PSA Occupied Housing Units CAGR (2015-2020),region_fallback,2020,2024,Pasig City,503483,region,451830,429920,590370,130765.02,city,0.171839993,0.054945062,0.054945062,2018–2023p,city,True,abs>15%,622807.916,False,False,REVIEW,Active fault trace crosses city — micro-siting required (avoid rupture buffer),0.0,Valley Fault System,1,1,1,220,28,0,2.13,20.45,0.745120626,0.333333333,0.50195175,Flood Level 1 (Low): up to 0.5 m; usually minor. Depth and velocity are both low.,Storm Surge 1 (Low): 0.2 to 0.5 m and low depth x velocity (<0.5 m2/s).,Landslide 1 (Low): build only with ongoing monitoring and good drainage.,"REVIEW: see Risk_Gate_Reasons_ASCII for specific triggers (fault crossing or <=1 km, hydro L3, high quake activity).",Active fault trace crosses city  micro-siting required (avoid rupture buffer),25500000.0,city_median>=5,2191764.891188865,778651.2086747085,498936.77957758104,297722.0305370935,240025.31702525704,221294.92450821114,216182.04432229066,219084.37507498168,2025-10-15,0.0575,0.0625,0.065,0.07125,0.0775,0.085,0.09125,0.0975,51900.65966666667,0.023679848087408008,0.06665456765295902,0.10402251706239767,0.17432589577948718,0.21622993903266186,0.2345316314054952,0.24007849416620194,0.23689804281525623,0.10257463116637752,0.57657894130162,0.14684041530571673,0.9157355863689839,0.27533132925790477,0.5955334578134444
NCR,NCR,Quezon City,1825229,8,A,ETS-only monthly projection; EMP_w_2024 = mean of 12 months,National Capital Region,city,582490,547417,554889,521248,27601,26169,0.018713957,627332,589559,597606,561375,29726,28184,0.018713957,0.018713957,PSA Occupied Housing Units CAGR (2015-2020),region_fallback,2020,2024,Quezon City,503483,region,478680,429280,480700,359208.8,city,0.058197505,0.000842567,0.058197505,2021–2023p,city,False,,508675.5409,False,False,REVIEW,Active fault trace crosses city — micro-siting required (avoid rupture buffer),0.0,Valley Fault System,1,1,1,136,17,0,1.99,22.24,0.695037411,0.333333333,0.521985036,Flood Level 1 (Low): up to 0.5 m; usually minor. Depth and velocity are both low.,Storm Surge 1 (Low): 0.2 to 0.5 m and low depth x velocity (<0.5 m2/s).,Landslide 1 (Low): build only with ongoing monitoring and good drainage.,"REVIEW: see Risk_Gate_Reasons_ASCII for specific triggers (fault crossing or <=1 km, hydro L3, high quake activity).",Active fault trace crosses city  micro-siting required (avoid rupture buffer),22995980.0,city_median>=5,1976540.4549992676,702190.1028101735,449942.7531149201,268486.66116825066,216455.58391397924,199564.45718009153,194953.64578802,197570.97676614815,2025-10-15,0.0575,0.0625,0.065,0.07125,0.0775,0.085,0.09125,0.0975,42389.62840833334,0.02144637530748089,0.060367738364140305,0.09421115934165647,0.15788355452701364,0.19583522698670242,0.21241071184374263,0.21743439696647213,0.2145539243778056,0.09052025152000719,1.0,0.7197730715612214,0.9236689640711768,0.6034311076937429,0.7635500358824598
NCR,NCR,San Juan City,67004,8,A,ETS-only monthly projection; EMP_w_2024 = mean of 12 months,National Capital Region,city,17515,16242,16664,15478,851,764,0.018713957,18863,17492,17947,16670,917,823,0.018713957,0.018713957,PSA Occupied Housing Units CAGR (2015-2020),region_fallback,2020,2024,San Juan City,503483,region,588490,549370,842810,24320.15,city,0.238603692,0.074479462,0.074479462,2018–2023p,city,True,abs>15%,905582.0351,False,False,PASS,Fault distance > 1 km; hydro hazards < Level 3; quake frequency/severity below REVIEW thresholds,2.9,Valley Fault System,1,1,1,131,17,0,2.05,21.93,0.684530123,0.333333333,0.526187951,Flood Level 1 (Low): up to 0.5 m; usually minor. Depth and velocity are both low.,Storm Surge 1 (Low): 0.2 to 0.5 m and low depth x velocity (<0.5 m2/s).,Landslide 1 (Low): build only with ongoing monitoring and good drainage.,PASS: fault distance > 1 km; all hazards below Level 3; quake metrics below review thresholds.,Fault distance > 1 km; hydro hazards < Level 3; quake frequency/severity below REVIEW thresholds,28000000.0,city_median>=5,2406643.8020897345,854989.5624663468,547852.1501244027,326910.46490347525,263557.2108512627,242990.50534234953,237376.36239310345,240563.2353764505,2025-10-15,0.0575,0.0625,0.065,0.07125,0.0775,0.085,0.09125,0.0975,75465.16959166666,0.031357016574758104,0.08826443374814537,0.1377473275856096,0.23084354186688022,0.28633316215451643,0.3105683881983114,0.31791358175206064,0.3137020063501116,0.1440094336799271,0.42094507586361346,0.0,0.9231637695305372,0.18831816984784686,0.5557409696891921
NCR,NCR,Taguig City,653810,8,A,ETS-only monthly projection; EMP_w_2024 = mean of 12 months,National Capital Region,city,151357,137316,135188,122616,16169,14700,0.018713957,163009,147887,145595,132055,17414,15832,0.018713957,0.018713957,PSA Occupied Housing Units CAGR (2015-2020),region_fallback,2020,2024,Taguig City,503483,region,428620,376130,519600,150373.59,city,0.175345596,0.039248346,0.039248346,2018–2023p,city,True,abs>15%,539993.4407,False,False,REVIEW,Active fault trace crosses city — micro-siting required (avoid rupture buffer),0.0,Valley Fault System,1,1,1,244,31,0,2.19,20.12,0.764755668,0.333333333,0.494097733,Flood Level 1 (Low): up to 0.5 m; usually minor. Depth and velocity are both low.,Storm Surge 1 (Low): 0.2 to 0.5 m and low depth x velocity (<0.5 m2/s).,Landslide 1 (Low): build only with ongoing monitoring and good drainage.,"REVIEW: see Risk_Gate_Reasons_ASCII for specific triggers (fault crossing or <=1 km, hydro L3, high quake activity).",Active fault trace crosses city  micro-siting required (avoid rupture buffer),112000000.0,city_median>=5,9626575.208358938,3419958.249865387,2191408.600497611,1307641.859613901,1054228.8434050507,971962.0213693981,949505.4495724138,962252.941505802,2025-10-15,0.0575,0.0625,0.065,0.07125,0.0775,0.085,0.09125,0.0975,44999.45339166667,0.004674502865005697,0.013157895536718289,0.02053448790036166,0.03441267428143771,0.04268471088907325,0.04629754291043893,0.0473925172435093,0.046764682601279785,0.0,0.614204131907508,0.16406261795598323,0.9138297204562782,0.2594222499544971,0.5866259852053877
NCR,NCR,Valenzuela City,277294,8,A,ETS-only monthly projection; EMP_w_2024 = mean of 12 months,National Capital Region,city,132706,121133,123616,112612,9090,8521,0.018713957,142922,130458,133132,121281,9790,9177,0.018713957,0.018713957,PSA Occupied Housing Units CAGR (2015-2020),region_fallback,2020,2024,Valenzuela City,503483,region,369330,370890,403070,69892.16,city,0.042479865,0.017637677,0.042479865,2021–2023p,city,False,,420192.3593,False,False,PASS,Fault distance > 1 km; hydro hazards < Level 3; quake frequency/severity below REVIEW thresholds,9.2,Valley Fault System,1,1,1,102,13,0,1.96,23.8,0.591997462,0.333333333,0.563201015,Flood Level 1 (Low): up to 0.5 m; usually minor. Depth and velocity are both low.,Storm Surge 1 (Low): 0.2 to 0.5 m and low depth x velocity (<0.5 m2/s).,Landslide 1 (Low): build only with ongoing monitoring and good drainage.,PASS: fault distance > 1 km; all hazards below Level 3; quake metrics below review thresholds.,Fault distance > 1 km; hydro hazards < Level 3; quake frequency/severity below REVIEW thresholds,28643000.0,inherit_province,2461910.6579734376,874623.787061556,560433.1834290453,334417.7302225086,269609.61394331127,248570.6087328899,242827.5410009165,246087.59824598825,2025-10-15,0.0575,0.0625,0.065,0.07125,0.0775,0.085,0.09125,0.0975,35016.02994166667,0.014223111561038811,0.040035533516998026,0.06248029377457436,0.10470745650467862,0.12987678528789118,0.14086955058831732,0.14420122938828633,0.14229091669489485,0.051535239359564645,0.49020211634287,0.14213349975087697,0.9280353376069879,0.22795695181777054,0.5779961447123791
Region III (Central Luzon),Bataan,Balanga City,62673,8,A,ETS-only monthly projection; EMP_w_2024 = mean of 12 months,Region III (Central Luzon),province,191552,182140,180934,171968,10618,10172,0.028605307,214428,203892,202542,192505,11886,11387,0.028605307,0.028605307,PSA Occupied Housing Units CAGR (2015-2020),region_fallback,2020,2024,Balanga City,191874,region,397360,372430,387330,83190.7,province,0.019807589,-0.005100076,-0.005100076,2018–2023p,province,True,sign_flip,385354.5876,False,False,PASS,Fault distance > 1 km; hydro hazards < Level 3; quake frequency/severity below REVIEW thresholds,61.8,Iba Fault,2,2,1,374,40,1,2.2,66.84,0.097338297,0.666666667,0.627731348,Flood Level 2 (Medium): 0.5 to 1.5 m or stronger flow; design for raised floors and drainage.,Storm Surge 2 (Medium): 0.5 to 1.5 m or depth x velocity 0.5 to 1.5 m2/s.,Landslide 1 (Low): build only with ongoing monitoring and good drainage.,PASS: fault distance > 1 km; all hazards below Level 3; quake metrics below review thresholds.,Fault distance > 1 km; hydro hazards < Level 3; quake frequency/severity below REVIEW thresholds,6262000.0,inherit_region,538228.6960244969,191212.3085772951,122523.22014567893,73111.19040091294,58942.68765537881,54343.09087334974,53087.52790377193,53800.24928311903,2025-10-15,0.0575,0.0625,0.065,0.07125,0.0775,0.085,0.09125,0.0975,32112.8823,0.059664009996483754,0.16794359389797747,0.262096297026948,0.439233476078089,0.5448153719720913,0.590928520699002,0.6049044581282592,0.5968909573449894,0.29678642224207247,0.019518701607511603,0.2345279495915892,0.7408631921824105,0.1836110244803911,0.4622371083314008
Region III (Central Luzon),Bulacan,Malolos City,80963,8,A,ETS-only monthly projection; EMP_w_2024 = mean of 12 months,Region III (Central Luzon),province,721538,676204,671305,628197,50233,48007,0.028605307,807708,756960,751476,703219,56232,53740,0.028605307,0.028605307,PSA Occupied Housing Units CAGR (2015-2020),region_fallback,2020,2024,Malolos City,191874,region,356940,340370,371940,342693.71,province,0.045347791,0.008266954,0.045347791,2021–2023p,province,False,,388806.6576,False,False,PASS,Fault distance > 1 km; hydro hazards < Level 3; quake frequency/severity below REVIEW thresholds,30.6,Valley Fault System,1,1,1,72,9,0,2.01,44.57,0.362062288,0.333333333,0.655175085,Flood Level 1 (Low): up to 0.5 m; usually minor. Depth and velocity are both low.,Storm Surge 1 (Low): 0.2 to 0.5 m and low depth x velocity (<0.5 m2/s).,Landslide 1 (Low): build only with ongoing monitoring and good drainage.,PASS: fault distance > 1 km; all hazards below Level 3; quake metrics below review thresholds.,Fault distance > 1 km; hydro hazards < Level 3; quake frequency/severity below REVIEW thresholds,5733000.0,city_median>=5,492760.31847787305,175059.1129149845,112172.72773797147,66934.91768898655,53963.33892179603,49752.30596884606,48602.810199987936,49255.32244332824,2025-10-15,0.0575,0.0625,0.065,0.07125,0.0775,0.085,0.09125,0.0975,32400.554799999998,0.06575317367292212,0.1850835084245798,0.28884520732780683,0.48406057583501255,0.6004179031055706,0.6512372475818227,0.6666395351766725,0.6578081960031659,0.3296505302555452,0.02554234167772702,0.9303965334152,0.9637074760643716,0.42852980178282407,0.6961186389235978
Region III (Central Luzon),Bulacan,Meycauayan City,91307,8,A,ETS-only monthly projection; EMP_w_2024 = mean of 12 months,Region III (Central Luzon),province,721538,676204,671305,628197,50233,48007,0.028605307,807708,756960,751476,703219,56232,53740,0.028605307,0.028605307,PSA Occupied Housing Units CAGR (2015-2020),region_fallback,2020,2024,Meycauayan City,191874,region,356940,340370,371940,342693.71,province,0.045347791,0.008266954,0.045347791,2021–2023p,province,False,,388806.6576,False,False,PASS,Fault distance > 1 km; hydro hazards < Level 3; quake frequency/severity below REVIEW thresholds,12.3,Valley Fault System,1,1,1,98,13,0,1.94,22.97,0.557538706,0.333333333,0.576984518,Flood Level 1 (Low): up to 0.5 m; usually minor. Depth and velocity are both low.,Storm Surge 1 (Low): 0.2 to 0.5 m and low depth x velocity (<0.5 m2/s).,Landslide 1 (Low): build only with ongoing monitoring and good drainage.,PASS: fault distance > 1 km; all hazards below Level 3; quake metrics below review thresholds.,Fault distance > 1 km; hydro hazards < Level 3; quake frequency/severity below REVIEW thresholds,5638500.0,inherit_province,484637.89564582024,172173.52314166058,110323.7267313016,65831.59486993733,53073.83333517302,48932.21301331564,47801.66497691121,48443.42152393272,2025-10-15,0.0575,0.0625,0.065,0.07125,0.0775,0.085,0.09125,0.0975,32400.554799999998,0.06685518217023365,0.1881854666663325,0.29368618845620587,0.49217332291604626,0.6104807729900216,0.6621518383234174,0.677812264816505,0.668832914371934,0.3355982314854446,0.028949041124764107,0.9303965334152,0.9266827199659204,0.43164793534180296,0.6791653276538617
Region III (Central Luzon),Bulacan,San Jose del Monte City,194651,8,A,ETS-only monthly projection; EMP_w_2024 = mean of 12 months,Region III (Central Luzon),province,721538,676204,671305,628197,50233,48007,0.028605307,807708,756960,751476,703219,56232,53740,0.028605307,0.028605307,PSA Occupied Housing Units CAGR (2015-2020),region_fallback,2020,2024,San Jose del Monte City,191874,region,356940,340370,371940,342693.71,province,0.045347791,0.008266954,0.045347791,2021–2023p,province,False,,388806.6576,False,False,PASS,Fault distance > 1 km; hydro hazards < Level 3; quake frequency/severity below REVIEW thresholds,3.7,Valley Fault System,1,1,1,149,19,0,2.05,19.94,0.681309087,0.333333333,0.527476365,Flood Level 1 (Low): up to 0.5 m; usually minor. Depth and velocity are both low.,Storm Surge 1 (Low): 0.2 to 0.5 m and low depth x velocity (<0.5 m2/s).,Landslide 1 (Low): build only with ongoing monitoring and good drainage.,PASS: fault distance > 1 km; all hazards below Level 3; quake metrics below review thresholds.,Fault distance > 1 km; hydro hazards < Level 3; quake frequency/severity below REVIEW thresholds,5638500.0,inherit_province,484637.89564582024,172173.52314166058,110323.7267313016,65831.59486993733,53073.83333517302,48932.21301331564,47801.66497691121,48443.42152393272,2025-10-15,0.0575,0.0625,0.065,0.07125,0.0775,0.085,0.09125,0.0975,32400.554799999998,0.06685518217023365,0.1881854666663325,0.29368618845620587,0.49217332291604626,0.6104807729900216,0.6621518383234174,0.677812264816505,0.668832914371934,0.3355982314854446,0.06298441889493046,0.9303965334152,0.9190086943943285,0.4429930612651917,0.6810008778297602
Region III (Central Luzon),Nueva Ecija,Cabanatuan City,210001,8,A,ETS-only monthly projection; EMP_w_2024 = mean of 12 months,Region III (Central Luzon),province,558224,532052,539001,513407,19223,18645,0.028605307,624890,595592,603371,574721,21519,20872,0.028605307,0.028605307,PSA Occupied Housing Units CAGR (2015-2020),region_fallback,2020,2024,Cabanatuan City,191874,region,308780,267120,323630,194488.54,province,0.100705619,0.009438633,0.100705619,2021–2023p,province,False,,356221.3595,False,False,PASS,Fault distance > 1 km; hydro hazards < Level 3; quake frequency/severity below REVIEW thresholds,5.4,Unnamed Fault,2,1,1,289,32,2,2.13,31.66,0.677030818,0.5,0.462521006,Flood Level 2 (Medium): 0.5 to 1.5 m or stronger flow; design for raised floors and drainage.,Storm Surge 1 (Low): 0.2 to 0.5 m and low depth x velocity (<0.5 m2/s).,Landslide 1 (Low): build only with ongoing monitoring and good drainage.,PASS: fault distance > 1 km; all hazards below Level 3; quake metrics below review thresholds.,Fault distance > 1 km; hydro hazards < Level 3; quake frequency/severity below REVIEW thresholds,5403000.0,city_median>=5,464396.30223895836,164982.45021448826,105715.89882579101,63082.044352624165,50857.12893676329,46888.489298739805,45805.160214640644,46420.112883534355,2025-10-15,0.0575,0.0625,0.065,0.07125,0.0775,0.085,0.09125,0.0975,29685.11329166667,0.06392194155842348,0.1799289151850638,0.28080084094621094,0.4705794429509764,0.5836962076364495,0.6331002285557641,0.6480735609822942,0.639488175441216,0.3197671023816169,0.06803979752138244,0.7273637749940864,0.742179968587909,0.3717235582990286,0.5569517634434689
Region III (Central Luzon),Nueva Ecija,Gapan City,25061,8,A,ETS-only monthly projection; EMP_w_2024 = mean of 12 months,Region III (Central Luzon),province,558224,532052,539001,513407,19223,18645,0.028605307,624890,595592,603371,574721,21519,20872,0.028605307,0.028605307,PSA Occupied Housing Units CAGR (2015-2020),region_fallback,2020,2024,Gapan City,191874,region,308780,267120,323630,194488.54,province,0.100705619,0.009438633,0.100705619,2021–2023p,province,False,,356221.3595,False,False,REVIEW,High hydro hazard: Flood L3,15.7,Unnamed Fault,3,1,1,223,24,2,2.1,33.62,0.56005353,0.666666667,0.442645255,Flood Level 3 (High): above 1.5 m or high-velocity flow; avoid or elevate site significantly.,Storm Surge 1 (Low): 0.2 to 0.5 m and low depth x velocity (<0.5 m2/s).,Landslide 1 (Low): build only with ongoing monitoring and good drainage.,"REVIEW: see Risk_Gate_Reasons_ASCII for specific triggers (fault crossing or <=1 km, hydro L3, high quake activity).",High hydro hazard: Flood L3,5180500.0,inherit_province,445272.079168781,158188.33672703247,101362.43084712388,60484.27369401619,48762.790386248795,44957.58260450149,43918.86590633831,44508.49431670363,2025-10-15,0.0575,0.0625,0.065,0.07125,0.0775,0.085,0.09125,0.0975,29685.11329166667,0.06666735840945123,0.187656776130663,0.2928611029113749,0.4907906052049273,0.6087656808917549,0.6602915809066293,0.6759080108073227,0.6669538870589499,0.3345845191449906,0.007131541939882162,0.7273637749940864,0.6490223102816537,0.3563599453596531,0.5026911278206534
Region III (Central Luzon),Nueva Ecija,Palayan City,3407,8,A,ETS-only monthly projection; EMP_w_2024 = mean of 12 months,Region III (Central Luzon),province,558224,532052,539001,513407,19223,18645,0.028605307,624890,595592,603371,574721,21519,20872,0.028605307,0.028605307,PSA Occupied Housing Units CAGR (2015-2020),region_fallback,2020,2024,Palayan City,191874,region,308780,267120,323630,194488.54,province,0.100705619,0.009438633,0.100705619,2021–2023p,province,False,,356221.3595,False,False,REVIEW,Active fault trace crosses city — micro-siting required (avoid rupture buffer),0.0,Unnamed Fault,1,1,1,273,30,1,2.08,24.18,0.726059212,0.333333333,0.509576315,Flood Level 1 (Low): up to 0.5 m; usually minor. Depth and velocity are both low.,Storm Surge 1 (Low): 0.2 to 0.5 m and low depth x velocity (<0.5 m2/s).,Landslide 1 (Low): build only with ongoing monitoring and good drainage.,"REVIEW: see Risk_Gate_Reasons_ASCII for specific triggers (fault crossing or <=1 km, hydro L3, high quake activity).",Active fault trace crosses city  micro-siting required (avoid rupture buffer),5180500.0,inherit_province,445272.079168781,158188.33672703247,101362.43084712388,60484.27369401619,48762.790386248795,44957.58260450149,43918.86590633831,44508.49431670363,2025-10-15,0.0575,0.0625,0.065,0.07125,0.0775,0.085,0.09125,0.0975,29685.11329166667,0.06666735840945123,0.187656776130663,0.2928611029113749,0.4907906052049273,0.6087656808917549,0.6602915809066293,0.6759080108073227,0.6669538870589499,0.3345845191449906,0.0,0.7273637749940864,0.8759021653374809,0.35398276471302564,0.6149424650252533
Region III (Central Luzon),Nueva Ecija,San Jose City,46542,8,A,ETS-only monthly projection; EMP_w_2024 = mean of 12 months,Region III (Central Luzon),province,558224,532052,539001,513407,19223,18645,0.028605307,624890,595592,603371,574721,21519,20872,0.028605307,0.028605307,PSA Occupied Housing Units CAGR (2015-2020),region_fallback,2020,2024,San Jose City,191874,region,308780,267120,323630,194488.54,province,0.100705619,0.009438633,0.100705619,2021–2023p,province,False,,356221.3595,False,False,REVIEW,Active fault trace crosses city — micro-siting required (avoid rupture buffer),0.0,Philippine Fault,1,1,1,294,32,0,2.11,28.98,0.728111205,0.333333333,0.508755518,Flood Level 1 (Low): up to 0.5 m; usually minor. Depth and velocity are both low.,Storm Surge 1 (Low): 0.2 to 0.5 m and low depth x velocity (<0.5 m2/s).,Landslide 1 (Low): build only with ongoing monitoring and good drainage.,"REVIEW: see Risk_Gate_Reasons_ASCII for specific triggers (fault crossing or <=1 km, hydro L3, high quake activity).",Active fault trace crosses city  micro-siting required (avoid rupture buffer),2931250.0,city_median>=5,251945.52303126905,89506.71982069567,57353.27196614841,34223.43929458256,27591.145510991562,25438.068528027216,24850.33793802802,25183.963703472164,2025-10-15,0.0575,0.0625,0.065,0.07125,0.0775,0.085,0.09125,0.0975,29685.11329166667,0.11782353952756064,0.3316523424289637,0.5175836055035831,0.867391293906738,1.075892745367927,1.1669562592364326,1.194555718545786,1.1787307844465293,0.610681919569228,0.014206107951270761,0.7273637749940864,0.927812480301089,0.4507506008381951,0.6892815405696421
Region III (Central Luzon),Nueva Ecija,Science City of Munoz,123775,8,A,ETS-only monthly projection; EMP_w_2024 = mean of 12 months,Region III (Central Luzon),province,558224,532052,539001,513407,19223,18645,0.028605307,624890,595592,603371,574721,21519,20872,0.028605307,0.028605307,PSA Occupied Housing Units CAGR (2015-2020),region_fallback,2020,2024,Science City of Muñoz,191874,region,308780,267120,323630,194488.54,province,0.100705619,0.009438633,0.100705619,2021–2023p,province,False,,356221.3595,False,False,PASS,Fault distance > 1 km; hydro hazards < Level 3; quake frequency/severity below REVIEW thresholds,6.0,Philippine Fault,1,1,1,310,33,2,2.17,35.16,0.677581803,0.333333333,0.528967279,Flood Level 1 (Low): up to 0.5 m; usually minor. Depth and velocity are both low.,Storm Surge 1 (Low): 0.2 to 0.5 m and low depth x velocity (<0.5 m2/s).,Landslide 1 (Low): build only with ongoing monitoring and good drainage.,PASS: fault distance > 1 km; all hazards below Level 3; quake metrics below review thresholds.,Fault distance > 1 km; hydro hazards < Level 3; quake frequency/severity below REVIEW thresholds,5180500.0,inherit_province,445272.079168781,158188.33672703247,101362.43084712388,60484.27369401619,48762.790386248795,44957.58260450149,43918.86590633831,44508.49431670363,2025-10-15,0.0575,0.0625,0.065,0.07125,0.0775,0.085,0.09125,0.0975,29685.11329166667,0.06666735840945123,0.187656776130663,0.2928611029113749,0.4907906052049273,0.6087656808917549,0.6602915809066293,0.6759080108073227,0.6669538870589499,0.3345845191449906,0.03964207260643466,0.7273637749940864,0.8474277518590796,0.3671967889151706,0.6073122703871251
Region III (Central Luzon),Pampanga,Angeles City,354647,8,A,ETS-only monthly projection; EMP_w_2024 = mean of 12 months,Region III (Central Luzon),city,102225,95961,96350,90348,5875,5613,0.028605307,114433,107421,107857,101138,6577,6283,0.028605307,0.028605307,PSA Occupied Housing Units CAGR (2015-2020),region_fallback,2020,2024,Angeles City,191874,region,398260,443240,501930,69727.85,city,0.064148173,0.047358334,0.064148173,2021–2023p,city,False,,534127.8926,False,False,REVIEW,Elevated earthquake activity: M≥5 count ≥ 3 (=3),27.9,Iba Fault,1,1,1,579,63,3,2.16,42.58,0.469555199,0.333333333,0.61217792,Flood Level 1 (Low): up to 0.5 m; usually minor. Depth and velocity are both low.,Storm Surge 1 (Low): 0.2 to 0.5 m and low depth x velocity (<0.5 m2/s).,Landslide 1 (Low): build only with ongoing monitoring and good drainage.,"REVIEW: see Risk_Gate_Reasons_ASCII for specific triggers (fault crossing or <=1 km, hydro L3, high quake activity).",Elevated earthquake activity: M5 count  3 (=3),12400000.0,city_median>=5,1065799.398068311,378638.23480652494,242620.2379122355,144774.6344572533,116718.19337698775,107610.08093732622,105123.81763123153,106535.14709528523,2025-10-15,0.0575,0.0625,0.065,0.07125,0.0775,0.085,0.09125,0.0975,44510.65771666667,0.04176269736813439,0.11755457749640774,0.18345814058911186,0.3074479026214295,0.3813514965306379,0.4136290701480874,0.42341173218049943,0.41780256497751167,0.20017041665210145,0.11567760187328949,0.11314841190355164,0.800839045879303,0.14299881014298085,0.47191892801114194
Region III (Central Luzon),Pampanga,Mabalacat City,140359,8,A,ETS-only monthly projection; EMP_w_2024 = mean of 12 months,Region III (Central Luzon),province,533432,501581,510491,479636,22941,21945,0.028605307,597137,561482,571456,536917,25681,24566,0.028605307,0.028605307,PSA Occupied Housing Units CAGR (2015-2020),region_fallback,2020,2024,Mabalacat City,191874,region,333400,372140,431510,251756.6,province,0.076817874,0.052943466,0.076817874,2021–2023p,province,False,,464657.6808,False,False,REVIEW,Elevated earthquake activity: M≥5 count ≥ 3 (=3),28.0,Care Fault,1,1,1,617,67,3,2.16,42.64,0.471092409,0.333333333,0.611563036,Flood Level 1 (Low): up to 0.5 m; usually minor. Depth and velocity are both low.,Storm Surge 1 (Low): 0.2 to 0.5 m and low depth x velocity (<0.5 m2/s).,Landslide 1 (Low): build only with ongoing monitoring and good drainage.,"REVIEW: see Risk_Gate_Reasons_ASCII for specific triggers (fault crossing or <=1 km, hydro L3, high quake activity).",Elevated earthquake activity: M5 count  3 (=3),2706500.0,city_median>=5,232627.9089412809,82643.9018148274,52955.780153989144,31599.399045044847,25475.62825603366,23487.635811038177,22944.968743461948,23253.014162370117,2025-10-15,0.0575,0.0625,0.065,0.07125,0.0775,0.085,0.09125,0.0975,38721.473399999995,0.16645239849434373,0.46853394563533124,0.7312039080040466,1.2253863861398964,1.5199418444500652,1.6485896542129868,1.6875801328355908,1.6652238341927377,0.8731389922605423,0.04510385756676558,0.684446670055411,0.7991127212332862,0.5342298399609063,0.6666712805970962
Region III (Central Luzon),Pampanga,San Fernando City,215250,8,A,ETS-only monthly projection; EMP_w_2024 = mean of 12 months,Region III (Central Luzon),province,533432,501581,510491,479636,22941,21945,0.028605307,597137,561482,571456,536917,25681,24566,0.028605307,0.028605307,PSA Occupied Housing Units CAGR (2015-2020),region_fallback,2020,2024,San Fernando City,191874,region,333400,372140,431510,251756.6,province,0.076817874,0.052943466,0.076817874,2021–2023p,province,False,,464657.6808,False,False,REVIEW,Elevated earthquake activity: M≥5 count ≥ 3 (=3),37.2,Care Fault,1,1,1,475,52,3,2.18,39.67,0.382554409,0.333333333,0.646978236,Flood Level 1 (Low): up to 0.5 m; usually minor. Depth and velocity are both low.,Storm Surge 1 (Low): 0.2 to 0.5 m and low depth x velocity (<0.5 m2/s).,Landslide 1 (Low): build only with ongoing monitoring and good drainage.,"REVIEW: see Risk_Gate_Reasons_ASCII for specific triggers (fault crossing or <=1 km, hydro L3, high quake activity).",Elevated earthquake activity: M5 count  3 (=3),8300000.0,city_median>=5,713397.9841908854,253443.33458823847,162399.03021544794,96905.60209638729,78125.88750233858,72029.32836933932,70365.13599509852,71309.8162008764,2025-10-15,0.0575,0.0625,0.065,0.07125,0.0775,0.085,0.09125,0.0975,38721.473399999995,0.05427752006324594,0.15278158118819565,0.23843414180878944,0.39957930772140116,0.49562922915712065,0.5375792649551143,0.550293449339702,0.543003410511162,0.2677147473149577,0.06976850647319002,0.684446670055411,0.8011130224814755,0.34064330794785286,0.5708781652146642
Region III (Central Luzon),Tarlac,Tarlac City,124946,8,A,ETS-only monthly projection; EMP_w_2024 = mean of 12 months,Region III (Central Luzon),province,348934,340007,335164,326486,13770,13521,0.028605307,390605,380612,375191,365477,15414,15136,0.028605307,0.028605307,PSA Occupied Housing Units CAGR (2015-2020),region_fallback,2020,2024,Tarlac City,191874,region,280110,305770,367820,134488.68,province,0.096781796,0.055993744,0.096781796,2021–2023p,province,False,,403418.28,False,False,REVIEW,Active fault trace crosses city — micro-siting required (avoid rupture buffer),0.0,Care Fault,1,1,1,421,45,2,2.21,46.71,0.736257821,0.333333333,0.505496872,Flood Level 1 (Low): up to 0.5 m; usually minor. Depth and velocity are both low.,Storm Surge 1 (Low): 0.2 to 0.5 m and low depth x velocity (<0.5 m2/s).,Landslide 1 (Low): build only with ongoing monitoring and good drainage.,"REVIEW: see Risk_Gate_Reasons_ASCII for specific triggers (fault crossing or <=1 km, hydro L3, high quake activity).",Active fault trace crosses city  micro-siting required (avoid rupture buffer),5705000.0,city_median>=5,490353.6746757833,174204.12335251813,111624.87558784705,66608.00722408308,53699.78171094477,49509.31546350371,48365.433837594835,49014.75920795179,2025-10-15,0.0575,0.0625,0.065,0.07125,0.0775,0.085,0.09125,0.0975,33618.19,0.06855906611126754,0.1929815974101284,0.301171130744446,0.5047169462209172,0.6260396025622603,0.6790275665350692,0.6950871176486443,0.6858789177637342,0.3447943426192666,0.04002773048080438,0.4568765507279929,0.8607780099438445,0.280566207942688,0.5706721089432663
Region III (Central Luzon),Zambales,Olongapo City,128101,8,A,ETS-only monthly projection; EMP_w_2024 = mean of 12 months,Region III (Central Luzon),city,50087,48302,45367,43788,4720,4514,0.028605307,56069,54070,50785,49017,5284,5053,0.028605307,0.028605307,PSA Occupied Housing Units CAGR (2015-2020),region_fallback,2020,2024,Olongapo City,191874,region,382060,335530,385440,24236.46,city,0.071797434,0.001763127,0.071797434,2021–2023p,city,False,,413113.6029,False,False,REVIEW,High hydro hazard: StormSurge L3,34.8,Iba Fault,2,3,1,882,95,1,2.17,35.68,0.437513609,0.833333333,0.424994556,Flood Level 2 (Medium): 0.5 to 1.5 m or stronger flow; design for raised floors and drainage.,Storm Surge 3 (High): >1.5 m or depth x velocity >1.5 m2/s; elevate or avoid exposed coast.,Landslide 1 (Low): build only with ongoing monitoring and good drainage.,"REVIEW: see Risk_Gate_Reasons_ASCII for specific triggers (fault crossing or <=1 km, hydro L3, high quake activity).",High hydro hazard: StormSurge L3,6262000.0,inherit_region,538228.6960244969,191212.3085772951,122523.22014567893,73111.19040091294,58942.68765537881,54343.09087334974,53087.52790377193,53800.24928311903,2025-10-15,0.0575,0.0625,0.065,0.07125,0.0775,0.085,0.09125,0.0975,34426.133575,0.06396190658224052,0.1800414096307178,0.2809764021388571,0.4708736567715648,0.5840611438738567,0.6334960529799903,0.6484787469742772,0.6398879937123624,0.3199827994673375,0.04106680015940086,0.046022335515886,0.5650015593243282,0.13569064504754144,0.3503461021859348
Region IV-A (CALABARZON),Batangas,Batangas City,109530,8,A,ETS-only monthly projection; EMP_w_2024 = mean of 12 months,Region IV-A (CALABARZON),province,645129,607384,610659,574697,34470,32687,0.029918329,725868,683399,687084,646621,38784,36778,0.029918329,0.029918329,PSA Occupied Housing Units CAGR (2015-2020),region_fallback,2020,2024,Batangas City,192048,region,360560,356560,402170,327130.55,province,0.062034256,0.022083613,0.062034256,2021–2023p,province,False,,427118.3166,False,False,REVIEW,Elevated earthquake activity: events/yr ≥ 140 (=316.0) and M≥5 count ≥ 3 (=4),10.5,Lubang Fault,1,1,1,2946,316,4,2.24,49.2,0.81537688,0.333333333,0.473849248,Flood Level 1 (Low): up to 0.5 m; usually minor. Depth and velocity are both low.,Storm Surge 1 (Low): 0.2 to 0.5 m and low depth x velocity (<0.5 m2/s).,Landslide 1 (Low): build only with ongoing monitoring and good drainage.,"REVIEW: see Risk_Gate_Reasons_ASCII for specific triggers (fault crossing or <=1 km, hydro L3, high quake activity).",Elevated earthquake activity: events/yr  140 (=316.0) and M5 count  3 (=4),4332483.0,city_median>=5,372383.69141461205,132293.84802010303,84770.00453312224,50583.35827558582,40780.611983589675,37598.29405561209,36729.60909535572,37222.71884619537,2025-10-15,0.0575,0.0625,0.065,0.07125,0.0775,0.085,0.09125,0.0975,35593.19305,0.09558204043466162,0.2690464717950554,0.41987956997327575,0.7036542108588931,0.8727969326287424,0.9466704259867131,0.969059947183064,0.9562222791159188,0.4906412920855319,0.035173972207969764,0.8378422925358712,0.6512528009777958,0.4545525189431243,0.5529026599604601
Region IV-A (CALABARZON),Batangas,Lipa City,239550,8,A,ETS-only monthly projection; EMP_w_2024 = mean of 12 months,Region IV-A (CALABARZON),province,645129,607384,610659,574697,34470,32687,0.029918329,725868,683399,687084,646621,38784,36778,0.029918329,0.029918329,PSA Occupied Housing Units CAGR (2015-2020),region_fallback,2020,2024,Lipa City,192048,region,360560,356560,402170,327130.55,province,0.062034256,0.022083613,0.062034256,2021–2023p,province,False,,427118.3166,False,False,REVIEW,Elevated earthquake activity: events/yr ≥ 140 (=176.0),21.6,Valley Fault System,1,1,1,1631,176,2,2.33,19.7,0.690193928,0.333333333,0.523922429,Flood Level 1 (Low): up to 0.5 m; usually minor. Depth and velocity are both low.,Storm Surge 1 (Low): 0.2 to 0.5 m and low depth x velocity (<0.5 m2/s).,Landslide 1 (Low): build only with ongoing monitoring and good drainage.,"REVIEW: see Risk_Gate_Reasons_ASCII for specific triggers (fault crossing or <=1 km, hydro L3, high quake activity).",Elevated earthquake activity: events/yr  140 (=176.0),5026399.0,city_median>=5,432026.85714928707,153482.81006397438,98347.26784046958,58685.086924298674,47312.27503805628,43620.258323652866,42612.439662726174,43184.52877617698,2025-10-15,0.0575,0.0625,0.065,0.07125,0.0775,0.085,0.09125,0.0975,35593.19305,0.08238652866365842,0.23190344922121325,0.3619133894775419,0.6065117207019518,0.7523035622651865,0.8159785021424271,0.8352770536424831,0.8242116808655606,0.4194231828050547,0.07799484054746726,0.8378422925358712,0.7570214848350733,0.4450867719627977,0.6010541283989355
Region IV-A (CALABARZON),Batangas,Tanauan City,109435,8,A,ETS-only monthly projection; EMP_w_2024 = mean of 12 months,Region IV-A (CALABARZON),province,645129,607384,610659,574697,34470,32687,0.029918329,725868,683399,687084,646621,38784,36778,0.029918329,0.029918329,PSA Occupied Housing Units CAGR (2015-2020),region_fallback,2020,2024,Tanauan City,192048,region,360560,356560,402170,327130.55,province,0.062034256,0.022083613,0.062034256,2021–2023p,province,False,,427118.3166,False,False,REVIEW,Elevated earthquake activity: events/yr ≥ 140 (=150.0),8.5,Valley Fault System,2,1,1,1378,150,2,2.35,19.85,0.80591012,0.5,0.410969285,Flood Level 2 (Medium): 0.5 to 1.5 m or stronger flow; design for raised floors and drainage.,Storm Surge 1 (Low): 0.2 to 0.5 m and low depth x velocity (<0.5 m2/s).,Landslide 1 (Low): build only with ongoing monitoring and good drainage.,"REVIEW: see Risk_Gate_Reasons_ASCII for specific triggers (fault crossing or <=1 km, hydro L3, high quake activity).",Elevated earthquake activity: events/yr  140 (=150.0),2180000.0,city_median>=5,187374.4103055579,66567.04450630842,42654.203116828496,25452.314767484855,20519.81141627688,18918.54648736864,18481.445357748773,18729.56618288079,2025-10-15,0.0575,0.0625,0.065,0.07125,0.0775,0.085,0.09125,0.0975,35593.19305,0.18995759875618531,0.5346969106706684,0.8344592197048293,1.398426562580078,1.7345770059936565,1.8813915262340337,1.9258879574089551,1.9003746644454005,1.0,0.03514268484839238,0.8378422925358712,0.6691226113307804,0.6243283257947545,0.6467254685627675
Region IV-A (CALABARZON),Cavite,Bacoor City,140140,8,A,ETS-only monthly projection; EMP_w_2024 = mean of 12 months,Region IV-A (CALABARZON),province,767938,721929,662914,621682,105024,100247,0.029918329,864047,812280,745879,699487,118168,112793,0.029918329,0.029918329,PSA Occupied Housing Units CAGR (2015-2020),region_fallback,2020,2024,Bacoor City,192048,region,394680,392610,457620,527020.97,province,0.079622234,0.030034984,0.079622234,2021–2023p,province,False,,494056.7266,False,False,REVIEW,High hydro hazard: StormSurge L3,5.0,Valley Fault System,2,3,1,404,51,0,2.32,23.03,0.761641842,0.833333333,0.295343263,Flood Level 2 (Medium): 0.5 to 1.5 m or stronger flow; design for raised floors and drainage.,Storm Surge 3 (High): >1.5 m or depth x velocity >1.5 m2/s; elevate or avoid exposed coast.,Landslide 1 (Low): build only with ongoing monitoring and good drainage.,"REVIEW: see Risk_Gate_Reasons_ASCII for specific triggers (fault crossing or <=1 km, hydro L3, high quake activity).",High hydro hazard: StormSurge L3,9779200.0,city_median>=5,840537.5381927118,298611.21175967494,191341.27666059142,114175.81494228804,92049.23844130957,84866.16963728229,82905.39011123705,84018.42826404945,2025-10-15,0.0575,0.0625,0.065,0.07125,0.0775,0.085,0.09125,0.0975,41171.39388333333,0.04898221913069858,0.13787624932337922,0.21517256810387414,0.3605964529716215,0.44727576871354713,0.48513316978131243,0.4966069615991462,0.4900281370884691,0.2391352327776068,0.045255088804431985,1.0,0.6094515093264183,0.42813010719401295,0.5187908082602156
Region IV-A (CALABARZON),Cavite,Cavite City,112393,8,A,ETS-only monthly projection; EMP_w_2024 = mean of 12 months,Region IV-A (CALABARZON),province,767938,721929,662914,621682,105024,100247,0.029918329,864047,812280,745879,699487,118168,112793,0.029918329,0.029918329,PSA Occupied Housing Units CAGR (2015-2020),region_fallback,2020,2024,Cavite City,192048,region,394680,392610,457620,527020.97,province,0.079622234,0.030034984,0.079622234,2021–2023p,province,False,,494056.7266,False,False,REVIEW,High hydro hazard: StormSurge L3,14.5,Valley Fault System,1,3,1,330,36,0,2.31,29.84,0.645681719,0.666666667,0.408393979,Flood Level 1 (Low): up to 0.5 m; usually minor. Depth and velocity are both low.,Storm Surge 3 (High): >1.5 m or depth x velocity >1.5 m2/s; elevate or avoid exposed coast.,Landslide 1 (Low): build only with ongoing monitoring and good drainage.,"REVIEW: see Risk_Gate_Reasons_ASCII for specific triggers (fault crossing or <=1 km, hydro L3, high quake activity).",High hydro hazard: StormSurge L3,5234791.0,inherit_province,449938.47554946865,159846.1309533132,102424.69660006686,61118.141410090284,49273.81840533186,45428.73251612797,44379.130195291305,44974.937838554455,2025-10-15,0.0575,0.0625,0.065,0.07125,0.0775,0.085,0.09125,0.0975,41171.39388333333,0.09150449699384894,0.25756891103831847,0.4019674477933133,0.6736362221338122,0.8355632913336025,0.9062853309569397,0.9277197119943031,0.9154297006729698,0.46863419305040205,0.03611687442344416,1.0,0.7273898835018842,0.5015836891579487,0.6144867863299164
Region IV-A (CALABARZON),Cavite,City of Carmona,120984,8,A,ETS-only monthly projection; EMP_w_2024 = mean of 12 months,Region IV-A (CALABARZON),province,767938,721929,662914,621682,105024,100247,0.029918329,864047,812280,745879,699487,118168,112793,0.029918329,0.029918329,PSA Occupied Housing Units CAGR (2015-2020),region_fallback,2020,2024,City of Carmona,192048,region,394680,392610,457620,527020.97,province,0.079622234,0.030034984,0.079622234,2021–2023p,province,False,,494056.7266,False,False,REVIEW,Active fault trace crosses city — micro-siting required (avoid rupture buffer),0.0,Valley Fault System,2,1,1,972,124,0,2.35,19.88,0.871447391,0.5,0.384754377,Flood Level 2 (Medium): 0.5 to 1.5 m or stronger flow; design for raised floors and drainage.,Storm Surge 1 (Low): 0.2 to 0.5 m and low depth x velocity (<0.5 m2/s).,Landslide 1 (Low): build only with ongoing monitoring and good drainage.,"REVIEW: see Risk_Gate_Reasons_ASCII for specific triggers (fault crossing or <=1 km, hydro L3, high quake activity).",Active fault trace crosses city  micro-siting required (avoid rupture buffer),5234791.0,inherit_province,449938.47554946865,159846.1309533132,102424.69660006686,61118.141410090284,49273.81840533186,45428.73251612797,44379.130195291305,44974.937838554455,2025-10-15,0.0575,0.0625,0.065,0.07125,0.0775,0.085,0.09125,0.0975,41171.39388333333,0.09150449699384894,0.25756891103831847,0.4019674477933133,0.6736362221338122,0.8355632913336025,0.9062853309569397,0.9277197119943031,0.9154297006729698,0.46863419305040205,0.038946239751121624,1.0,0.7710281786494658,0.5025268109338412,0.6367774947916536
Region IV-A (CALABARZON),Cavite,Dasmarinas City,218142,8,A,ETS-only monthly projection; EMP_w_2024 = mean of 12 months,Region IV-A (CALABARZON),province,767938,721929,662914,621682,105024,100247,0.029918329,864047,812280,745879,699487,118168,112793,0.029918329,0.029918329,PSA Occupied Housing Units CAGR (2015-2020),region_fallback,2020,2024,Dasmariñas City,192048,region,394680,392610,457620,527020.97,province,0.079622234,0.030034984,0.079622234,2021–2023p,province,False,,494056.7266,False,False,PASS,Fault distance > 1 km; hydro hazards < Level 3; quake frequency/severity below REVIEW thresholds,14.5,Valley Fault System,1,1,1,216,28,0,2.17,20.75,0.6152836,0.333333333,0.55388656,Flood Level 1 (Low): up to 0.5 m; usually minor. Depth and velocity are both low.,Storm Surge 1 (Low): 0.2 to 0.5 m and low depth x velocity (<0.5 m2/s).,Landslide 1 (Low): build only with ongoing monitoring and good drainage.,PASS: fault distance > 1 km; all hazards below Level 3; quake metrics below review thresholds.,Fault distance > 1 km; hydro hazards < Level 3; quake frequency/severity below REVIEW thresholds,9500000.0,city_median>=5,816539.8614233027,290085.74440822477,185878.40807792236,110916.05059225053,89421.19653882127,82443.20716972573,80538.40866908868,81619.66914558141,2025-10-15,0.0575,0.0625,0.065,0.07125,0.0775,0.085,0.09125,0.0975,41171.39388333333,0.05042178077083448,0.14192835972454634,0.22149637663172697,0.3711941929368507,0.4604209681477389,0.4993909783079378,0.51120197882846,0.5044298061279534,0.24690475774809503,0.07094431640185918,1.0,0.9162244843115384,0.4392830247166514,0.6777537545140949
Region IV-A (CALABARZON),Cavite,General Trias City,292940,8,A,ETS-only monthly projection; EMP_w_2024 = mean of 12 months,Region IV-A (CALABARZON),province,767938,721929,662914,621682,105024,100247,0.029918329,864047,812280,745879,699487,118168,112793,0.029918329,0.029918329,PSA Occupied Housing Units CAGR (2015-2020),region_fallback,2020,2024,General Trias City,192048,region,394680,392610,457620,527020.97,province,0.079622234,0.030034984,0.079622234,2021–2023p,province,False,,494056.7266,False,False,PASS,Fault distance > 1 km; hydro hazards < Level 3; quake frequency/severity below REVIEW thresholds,13.1,Valley Fault System,1,1,1,904,97,0,2.34,32.49,0.703266196,0.333333333,0.518693522,Flood Level 1 (Low): up to 0.5 m; usually minor. Depth and velocity are both low.,Storm Surge 1 (Low): 0.2 to 0.5 m and low depth x velocity (<0.5 m2/s).,Landslide 1 (Low): build only with ongoing monitoring and good drainage.,PASS: fault distance > 1 km; all hazards below Level 3; quake metrics below review thresholds.,Fault distance > 1 km; hydro hazards < Level 3; quake frequency/severity below REVIEW thresholds,4058400.0,city_median>=5,348825.82880003494,123924.63001119363,79407.25593088844,47383.336813009424,38200.73516138444,35219.73810290683,34406.008183434686,34867.922658992386,2025-10-15,0.0575,0.0625,0.065,0.07125,0.0775,0.085,0.09125,0.0975,41171.39388333333,0.11802851304034286,0.3322293064713163,0.51848402769599,0.8689002643652871,1.0777644385480782,1.1689863724436749,1.1966338455722378,1.1807813813856585,0.611788191632507,0.09557833662996049,1.0,0.9038908924179015,0.5691221760874892,0.7365065342526953
Region IV-A (CALABARZON),Cavite,Imus City,139681,8,A,ETS-only monthly projection; EMP_w_2024 = mean of 12 months,Region IV-A (CALABARZON),province,767938,721929,662914,621682,105024,100247,0.029918329,864047,812280,745879,699487,118168,112793,0.029918329,0.029918329,PSA Occupied Housing Units CAGR (2015-2020),region_fallback,2020,2024,Imus City,192048,region,394680,392610,457620,527020.97,province,0.079622234,0.030034984,0.079622234,2021–2023p,province,False,,494056.7266,False,False,PASS,Fault distance > 1 km; hydro hazards < Level 3; quake frequency/severity below REVIEW thresholds,9.2,Valley Fault System,1,1,1,625,80,0,2.34,22.48,0.74636825,0.333333333,0.5014527,Flood Level 1 (Low): up to 0.5 m; usually minor. Depth and velocity are both low.,Storm Surge 1 (Low): 0.2 to 0.5 m and low depth x velocity (<0.5 m2/s).,Landslide 1 (Low): build only with ongoing monitoring and good drainage.,PASS: fault distance > 1 km; all hazards below Level 3; quake metrics below review thresholds.,Fault distance > 1 km; hydro hazards < Level 3; quake frequency/severity below REVIEW thresholds,5234791.0,city_median>=5,449938.47554946865,159846.1309533132,102424.69660006686,61118.141410090284,49273.81840533186,45428.73251612797,44379.130195291305,44974.937838554455,2025-10-15,0.0575,0.0625,0.065,0.07125,0.0775,0.085,0.09125,0.0975,41171.39388333333,0.09150449699384894,0.25756891103831847,0.4019674477933133,0.6736362221338122,0.8355632913336025,0.9062853309569397,0.9277197119943031,0.9154297006729698,0.46863419305040205,0.04510392145657912,1.0,0.8953304407314093,0.5045793715023271,0.6999549061168682
Region IV-A (CALABARZON),Cavite,Tagaytay City,18787,8,A,ETS-only monthly projection; EMP_w_2024 = mean of 12 months,Region IV-A (CALABARZON),province,767938,721929,662914,621682,105024,100247,0.029918329,864047,812280,745879,699487,118168,112793,0.029918329,0.029918329,PSA Occupied Housing Units CAGR (2015-2020),region_fallback,2020,2024,Tagaytay City,192048,region,394680,392610,457620,527020.97,province,0.079622234,0.030034984,0.079622234,2021–2023p,province,False,,494056.7266,False,False,REVIEW,Elevated earthquake activity: events/yr ≥ 140 (=205.0) and M≥5 count ≥ 3 (=4),3.4,Valley Fault System,1,1,1,1910,205,4,2.26,39.64,0.833290049,0.333333333,0.46668398,Flood Level 1 (Low): up to 0.5 m; usually minor. Depth and velocity are both low.,Storm Surge 1 (Low): 0.2 to 0.5 m and low depth x velocity (<0.5 m2/s).,Landslide 1 (Low): build only with ongoing monitoring and good drainage.,"REVIEW: see Risk_Gate_Reasons_ASCII for specific triggers (fault crossing or <=1 km, hydro L3, high quake activity).",Elevated earthquake activity: events/yr  140 (=205.0) and M5 count  3 (=4),16500000.0,city_median>=5,1418200.8119457364,503833.1350248115,322841.44560902304,192643.66681811932,155310.4992516369,143190.83350531312,139882.49926736456,141760.47798969405,2025-10-15,0.0575,0.0625,0.065,0.07125,0.0775,0.085,0.09125,0.0975,41171.39388333333,0.029030722261995604,0.08171632832625395,0.12752821684857008,0.213717868660611,0.26509086044869823,0.2875281390257824,0.2943284120527497,0.29042928231609433,0.1314540826287509,0.0052886156802738685,1.0,0.6862921457165361,0.3789142327696749,0.5326031892431055
Region IV-A (CALABARZON),Cavite,Trece Martires City,46116,8,A,ETS-only monthly projection; EMP_w_2024 = mean of 12 months,Region IV-A (CALABARZON),province,767938,721929,662914,621682,105024,100247,0.029918329,864047,812280,745879,699487,118168,112793,0.029918329,0.029918329,PSA Occupied Housing Units CAGR (2015-2020),region_fallback,2020,2024,Trece Martires City,192048,region,394680,392610,457620,527020.97,province,0.079622234,0.030034984,0.079622234,2021–2023p,province,False,,494056.7266,False,False,REVIEW,Elevated earthquake activity: events/yr ≥ 140 (=160.0),15.0,Valley Fault System,1,1,1,1485,160,1,2.26,50.19,0.674159818,0.333333333,0.530336073,Flood Level 1 (Low): up to 0.5 m; usually minor. Depth and velocity are both low.,Storm Surge 1 (Low): 0.2 to 0.5 m and low depth x velocity (<0.5 m2/s).,Landslide 1 (Low): build only with ongoing monitoring and good drainage.,"REVIEW: see Risk_Gate_Reasons_ASCII for specific triggers (fault crossing or <=1 km, hydro L3, high quake activity).",Elevated earthquake activity: events/yr  140 (=160.0),2631935.0,city_median>=5,226218.9305447516,80367.03407463801,51496.83031205964,30728.824801633145,24773.76599077921,22840.543417079167,22312.827012681886,22612.385675018508,2025-10-15,0.0575,0.0625,0.065,0.07125,0.0775,0.085,0.09125,0.0975,41171.39388333333,0.18199800425273704,0.5122920654891515,0.7994937481364115,1.3398297575358362,1.6618948406413991,1.8025575456557286,1.8451894894328202,1.8207452532891417,0.9570409029212081,0.014289165679121175,1.0,0.8590062293348055,0.6571100228667764,0.758058126100791
Region IV-A (CALABARZON),Laguna,Binan City,200092,8,A,ETS-only monthly projection; EMP_w_2024 = mean of 12 months,Region IV-A (CALABARZON),province,679825,625229,616880,567636,62945,57593,0.029918329,764906,703478,694084,638677,70823,64801,0.029918329,0.029918329,PSA Occupied Housing Units CAGR (2015-2020),region_fallback,2020,2024,Biñan City,192048,region,400740,347150,441890,440820.18,province,0.12823223,0.019741974,0.12823223,2021–2023p,province,False,,498554.5401,False,False,PASS,Fault distance > 1 km; hydro hazards < Level 3; quake frequency/severity below REVIEW thresholds,1.1,Valley Fault System,2,1,1,1033,132,0,2.34,20.14,0.862698652,0.5,0.388253873,Flood Level 2 (Medium): 0.5 to 1.5 m or stronger flow; design for raised floors and drainage.,Storm Surge 1 (Low): 0.2 to 0.5 m and low depth x velocity (<0.5 m2/s).,Landslide 1 (Low): build only with ongoing monitoring and good drainage.,PASS: fault distance > 1 km; all hazards below Level 3; quake metrics below review thresholds.,Fault distance > 1 km; hydro hazards < Level 3; quake frequency/severity below REVIEW thresholds,3953040.0,city_median>=5,339769.97197902866,120707.42642899882,77345.76655456318,46153.21943507263,37209.00702798126,34305.3995442329,33512.79484265835,33962.71757044728,2025-10-15,0.0575,0.0625,0.065,0.07125,0.0775,0.085,0.09125,0.0975,41546.211675,0.12227746740834508,0.3441893585515043,0.537149135960679,0.9001801430872299,1.1165632999493147,1.2110691677393495,1.239711933011207,1.2232887897978901,0.6347204205418172,0.06499971808215506,0.8631056332003,0.7678036817306244,0.520941923941424,0.6443728028360243
Region IV-A (CALABARZON),Laguna,Cabuyao City,246644,8,A,ETS-only monthly projection; EMP_w_2024 = mean of 12 months,Region IV-A (CALABARZON),province,679825,625229,616880,567636,62945,57593,0.029918329,764906,703478,694084,638677,70823,64801,0.029918329,0.029918329,PSA Occupied Housing Units CAGR (2015-2020),region_fallback,2020,2024,Cabuyao City,192048,region,400740,347150,441890,440820.18,province,0.12823223,0.019741974,0.12823223,2021–2023p,province,False,,498554.5401,False,False,REVIEW,Active fault trace crosses city — micro-siting required (avoid rupture buffer),0.0,Valley Fault System,1,1,1,1009,128,0,2.35,19.92,0.873988068,0.333333333,0.450404773,Flood Level 1 (Low): up to 0.5 m; usually minor. Depth and velocity are both low.,Storm Surge 1 (Low): 0.2 to 0.5 m and low depth x velocity (<0.5 m2/s).,Landslide 1 (Low): build only with ongoing monitoring and good drainage.,"REVIEW: see Risk_Gate_Reasons_ASCII for specific triggers (fault crossing or <=1 km, hydro L3, high quake activity).",Active fault trace crosses city  micro-siting required (avoid rupture buffer),4589352.5,inherit_province,394462.0267760724,140137.4459278155,89795.95124299296,53582.40569217593,43198.46230404534,39827.46725604197,38907.278649631975,39429.62448867862,2025-10-15,0.0575,0.0625,0.065,0.07125,0.0775,0.085,0.09125,0.0975,41546.211675,0.10532372916743363,0.29646759579449133,0.46267355153434014,0.7753704063546096,0.9617520962339761,1.0431547506626169,1.0678262041694604,1.0536801253820998,0.5432186126765777,0.08033118295633047,0.8631056332003,0.8692692608072787,0.49555180961106937,0.682410535209174
Region IV-A (CALABARZON),Laguna,Calamba City,236955,8,A,ETS-only monthly projection; EMP_w_2024 = mean of 12 months,Region IV-A (CALABARZON),province,679825,625229,616880,567636,62945,57593,0.029918329,764906,703478,694084,638677,70823,64801,0.029918329,0.029918329,PSA Occupied Housing Units CAGR (2015-2020),region_fallback,2020,2024,Calamba City,192048,region,400740,347150,441890,440820.18,province,0.12823223,0.019741974,0.12823223,2021–2023p,province,False,,498554.5401,False,False,REVIEW,Active fault trace crosses city — micro-siting required (avoid rupture buffer); High hydro hazard: Flood L3,0.0,Valley Fault System,3,1,1,1096,139,0,2.33,20.76,0.874070992,0.666666667,0.31703827,Flood Level 3 (High): above 1.5 m or high-velocity flow; avoid or elevate site significantly.,Storm Surge 1 (Low): 0.2 to 0.5 m and low depth x velocity (<0.5 m2/s).,Landslide 1 (Low): build only with ongoing monitoring and good drainage.,"REVIEW: see Risk_Gate_Reasons_ASCII for specific triggers (fault crossing or <=1 km, hydro L3, high quake activity).",Active fault trace crosses city  micro-siting required (avoid rupture buffer); High hydro hazard: Flood L3,4678200.0,city_median>=5,402098.6083905784,142850.43468321653,91534.35459685646,54619.73346112278,44034.76227872775,40598.50650330642,39660.5035195506,40192.961704932524,2025-10-15,0.0575,0.0625,0.065,0.07125,0.0775,0.085,0.09125,0.0975,41546.211675,0.10332344058909075,0.29083713862777105,0.4538865419216799,0.7606447165212139,0.943486680182899,1.02334335061356,1.0475462484867304,1.0336688293836631,0.5324227623119137,0.07714020162006381,0.8631056332003,0.6656218884014802,0.49088953237742583,0.578255710389453
Region IV-A (CALABARZON),Laguna,San Pablo City,95728,8,A,ETS-only monthly projection; EMP_w_2024 = mean of 12 months,Region IV-A (CALABARZON),province,679825,625229,616880,567636,62945,57593,0.029918329,764906,703478,694084,638677,70823,64801,0.029918329,0.029918329,PSA Occupied Housing Units CAGR (2015-2020),region_fallback,2020,2024,San Pablo City,192048,region,400740,347150,441890,440820.18,province,0.12823223,0.019741974,0.12823223,2021–2023p,province,False,,498554.5401,False,False,PASS,Fault distance > 1 km; hydro hazards < Level 3; quake frequency/severity below REVIEW thresholds,26.6,Valley Fault System,1,1,1,941,120,0,2.32,20.12,0.601626554,0.333333333,0.559349378,Flood Level 1 (Low): up to 0.5 m; usually minor. Depth and velocity are both low.,Storm Surge 1 (Low): 0.2 to 0.5 m and low depth x velocity (<0.5 m2/s).,Landslide 1 (Low): build only with ongoing monitoring and good drainage.,PASS: fault distance > 1 km; all hazards below Level 3; quake metrics below review thresholds.,Fault distance > 1 km; hydro hazards < Level 3; quake frequency/severity below REVIEW thresholds,3300000.0,city_median>=5,283640.16238914727,100766.62700496228,64568.289121804606,38528.73336362387,31062.099850327388,28638.166701062622,27976.49985347291,28352.09559793881,2025-10-15,0.0575,0.0625,0.065,0.07125,0.0775,0.085,0.09125,0.0975,41546.211675,0.14647506659511647,0.4123013036146783,0.6434460667933342,1.0783176099483462,1.3375210264338298,1.4507287463152598,1.4850396544456432,1.4653665204917128,0.7653184066688578,0.03062841287231568,0.8631056332003,0.8732434012380371,0.5530174842471578,0.7131304427425975
Region IV-A (CALABARZON),Laguna,San Pedro City,44474,8,A,ETS-only monthly projection; EMP_w_2024 = mean of 12 months,Region IV-A (CALABARZON),province,679825,625229,616880,567636,62945,57593,0.029918329,764906,703478,694084,638677,70823,64801,0.029918329,0.029918329,PSA Occupied Housing Units CAGR (2015-2020),region_fallback,2020,2024,San Pedro City,192048,region,400740,347150,441890,440820.18,province,0.12823223,0.019741974,0.12823223,2021–2023p,province,False,,498554.5401,False,False,REVIEW,Active fault trace crosses city — micro-siting required (avoid rupture buffer),0.0,Valley Fault System,2,1,1,828,105,0,2.35,19.14,0.860275489,0.5,0.389223138,Flood Level 2 (Medium): 0.5 to 1.5 m or stronger flow; design for raised floors and drainage.,Storm Surge 1 (Low): 0.2 to 0.5 m and low depth x velocity (<0.5 m2/s).,Landslide 1 (Low): build only with ongoing monitoring and good drainage.,"REVIEW: see Risk_Gate_Reasons_ASCII for specific triggers (fault crossing or <=1 km, hydro L3, high quake activity).",Active fault trace crosses city  micro-siting required (avoid rupture buffer),4589352.5,inherit_province,394462.0267760724,140137.4459278155,89795.95124299296,53582.40569217593,43198.46230404534,39827.46725604197,38907.278649631975,39429.62448867862,2025-10-15,0.0575,0.0625,0.065,0.07125,0.0775,0.085,0.09125,0.0975,41546.211675,0.10532372916743363,0.29646759579449133,0.46267355153434014,0.7753704063546096,0.9617520962339761,1.0431547506626169,1.0678262041694604,1.0536801253820998,0.5432186126765777,0.013748388369373022,0.8631056332003,0.7784867255051713,0.4733575447487502,0.6259221351269607
Region IV-A (CALABARZON),Laguna,Santa Rosa City,243456,8,A,ETS-only monthly projection; EMP_w_2024 = mean of 12 months,Region IV-A (CALABARZON),province,679825,625229,616880,567636,62945,57593,0.029918329,764906,703478,694084,638677,70823,64801,0.029918329,0.029918329,PSA Occupied Housing Units CAGR (2015-2020),region_fallback,2020,2024,Santa Rosa City,192048,region,400740,347150,441890,440820.18,province,0.12823223,0.019741974,0.12823223,2021–2023p,province,False,,498554.5401,False,False,PASS,Fault distance > 1 km; hydro hazards < Level 3; quake frequency/severity below REVIEW thresholds,1.7,Valley Fault System,2,1,1,904,115,0,2.35,19.14,0.850285293,0.5,0.393219216,Flood Level 2 (Medium): 0.5 to 1.5 m or stronger flow; design for raised floors and drainage.,Storm Surge 1 (Low): 0.2 to 0.5 m and low depth x velocity (<0.5 m2/s).,Landslide 1 (Low): build only with ongoing monitoring and good drainage.,PASS: fault distance > 1 km; all hazards below Level 3; quake metrics below review thresholds.,Fault distance > 1 km; hydro hazards < Level 3; quake frequency/severity below REVIEW thresholds,5450000.0,city_median>=5,468436.0257638947,166417.61126577103,106635.50779207125,63630.78691871215,51299.5285406922,47296.36621842161,46203.613394371925,46823.915457201976,2025-10-15,0.0575,0.0625,0.065,0.07125,0.0775,0.085,0.09125,0.0975,41546.211675,0.08869132472731824,0.2496503306290713,0.3896095450308262,0.6529262592347784,0.8098751169232364,0.8784229106129096,0.8991983228753436,0.8872861500225049,0.4534510903879609,0.07928124503703868,0.8631056332003,0.7739264649188521,0.4652793228750998,0.619602893896976
Region IV-A (CALABARZON),Quezon,Lucena City,123763,8,A,ETS-only monthly projection; EMP_w_2024 = mean of 12 months,Region IV-A (CALABARZON),city,61829,58874,59035,56203,2794,2671,0.029918329,69567,66242,66423,63237,3144,3005,0.029918329,0.029918329,PSA Occupied Housing Units CAGR (2015-2020),region_fallback,2020,2024,Lucena City,192048,region,363230,329700,361930,24776.36,city,0.047738295,-0.000716827,-0.000716827,2018–2023p,city,True,sign_flip,361670.5589,False,False,REVIEW,High hydro hazard: Flood L3,9.7,Unnamed Fault,3,1,1,223,24,0,2.21,17.75,0.67559723,0.666666667,0.396427775,Flood Level 3 (High): above 1.5 m or high-velocity flow; avoid or elevate site significantly.,Storm Surge 1 (Low): 0.2 to 0.5 m and low depth x velocity (<0.5 m2/s).,Landslide 1 (Low): build only with ongoing monitoring and good drainage.,"REVIEW: see Risk_Gate_Reasons_ASCII for specific triggers (fault crossing or <=1 km, hydro L3, high quake activity).",High hydro hazard: Flood L3,5450827.0,inherit_region,468507.1077076207,166442.86399320533,106651.68899664814,63640.44245280054,51307.31289116984,47303.54311656154,46210.62447478975,46831.0206641897,2025-10-15,0.0575,0.0625,0.065,0.07125,0.0775,0.085,0.09125,0.0975,30139.21324166667,0.06433032230639182,0.18107843447645214,0.2825948048756535,0.47358585327277797,0.5874252917044449,0.6371449421325602,0.6522139353063524,0.6435736999580971,0.3219711930786343,0.03986147735391707,0.06133711127998913,0.7131596091205211,0.14105659390418016,0.4271081015123506
Region IV-A (CALABARZON),Quezon,Tayabas City,66887,8,A,ETS-only monthly projection; EMP_w_2024 = mean of 12 months,Region IV-A (CALABARZON),province,469476,449681,454656,435565,14820,14116,0.029918329,528232,505959,511557,490077,16675,15883,0.029918329,0.029918329,PSA Occupied Housing Units CAGR (2015-2020),region_fallback,2020,2024,Tayabas City,192048,region,233290,221050,247110,122275.35,province,0.057304062,0.011576751,0.057304062,2021–2023p,province,False,,261270.4068,False,False,PASS,Fault distance > 1 km; hydro hazards < Level 3; quake frequency/severity below REVIEW thresholds,2.2,Unnamed Fault,1,1,1,205,26,0,2.15,20.06,0.728808324,0.333333333,0.50847667,Flood Level 1 (Low): up to 0.5 m; usually minor. Depth and velocity are both low.,Storm Surge 1 (Low): 0.2 to 0.5 m and low depth x velocity (<0.5 m2/s).,Landslide 1 (Low): build only with ongoing monitoring and good drainage.,PASS: fault distance > 1 km; all hazards below Level 3; quake metrics below review thresholds.,Fault distance > 1 km; hydro hazards < Level 3; quake frequency/severity below REVIEW thresholds,5450827.0,inherit_region,468507.1077076207,166442.86399320533,106651.68899664814,63640.44245280054,51307.31289116984,47303.54311656154,46210.62447478975,46831.0206641897,2025-10-15,0.0575,0.0625,0.065,0.07125,0.0775,0.085,0.09125,0.0975,21772.5339,0.04647215280581718,0.1308108583188572,0.20414617063105553,0.3421178901474134,0.4243553730085741,0.4602727928085618,0.47115861660510616,0.46491692026368353,0.22558803726682142,0.021129899845247175,0.6145877894482554,0.9160120711609269,0.28710190885344133,0.6015569900071841
Region IV-A (CALABARZON),Rizal,Antipolo City,300976,8,A,ETS-only monthly projection; EMP_w_2024 = mean of 12 months,Region IV-A (CALABARZON),province,650420,618379,615189,584757,35231,33622,0.029918329,731821,695770,692181,657940,39640,37830,0.029918329,0.029918329,PSA Occupied Housing Units CAGR (2015-2020),region_fallback,2020,2024,Antipolo City,192048,region,470410,429230,506050,393926.36,province,0.085804608,0.014713356,0.085804608,2021–2023p,province,False,,549471.4219,False,False,PASS,Fault distance > 1 km; hydro hazards < Level 3; quake frequency/severity below REVIEW thresholds,4.0,Valley Fault System,1,1,1,194,25,0,2.05,20.23,0.681832659,0.333333333,0.527266936,Flood Level 1 (Low): up to 0.5 m; usually minor. Depth and velocity are both low.,Storm Surge 1 (Low): 0.2 to 0.5 m and low depth x velocity (<0.5 m2/s).,Landslide 1 (Low): build only with ongoing monitoring and good drainage.,PASS: fault distance > 1 km; all hazards below Level 3; quake metrics below review thresholds.,Fault distance > 1 km; hydro hazards < Level 3; quake frequency/severity below REVIEW thresholds,12500000.0,city_median>=5,1074394.5545043456,381691.7689581905,244576.85273410837,145942.17183190858,117659.46913002797,108477.90417069175,105971.59035406406,107394.30150734397,2025-10-15,0.0575,0.0625,0.065,0.07125,0.0775,0.085,0.09125,0.0975,45789.28515833333,0.04261868693057316,0.1199640361208548,0.18721839228225387,0.313749511766016,0.38916787145903764,0.4221070227009838,0.43209019516783437,0.4263660596107337,0.20479031766531372,0.09822491790958056,0.8534074495337122,0.9167451393870064,0.38547422836953543,0.651109683878271
