Area,Area_Level,Region,Year,IncomeGroup,Value,Prelim_Flag
National Capital Region,Region,NCR,2018,10th Decile,355545.54,FALSE
National Capital Region,Region,NCR,2018,1st Decile,70127.21,FALSE
National Capital Region,Region,NCR,2018,2nd Decile,87785.99,FALSE
National Capital Region,Region,NCR,2018,3rd Decile,101204.78,FALSE
National Capital Region,Region,NCR,2018,4th Decile,111696.33,FALSE
National Capital Region,Region,NCR,2018,5th Decile,124357.3,FALSE
National Capital Region,Region,NCR,2018,6th Decile,136331.78,FALSE
National Capital Region,Region,NCR,2018,7th Decile,156437.84,FALSE
National Capital Region,Region,NCR,2018,8th Decile,173262.16,FALSE
National Capital Region,Region,NCR,2018,9th Decile,211020.73,FALSE
National Capital Region,Region,NCR,2018,All Income Groups,1527769.65,FALSE
National Capital Region,Region,NCR,2021,10th Decile,315898.85,FALSE
National Capital Region,Region,NCR,2021,1st Decile,77163.78,FALSE
National Capital Region,Region,NCR,2021,2nd Decile,91809.85,FALSE
National Capital Region,Region,NCR,2021,3rd Decile,103516.9,FALSE
National Capital Region,Region,NCR,2021,4th Decile,113145.22,FALSE
National Capital Region,Region,NCR,2021,5th Decile,125436.46,FALSE
National Capital Region,Region,NCR,2021,6th Decile,134488.1,FALSE
National Capital Region,Region,NCR,2021,7th Decile,148349.74,FALSE
National Capital Region,Region,NCR,2021,8th Decile,169983.54,FALSE
National Capital Region,Region,NCR,2021,9th Decile,187836.03,FALSE
National Capital Region,Region,NCR,2021,All Income Groups,1467628.46,FALSE
National Capital Region,Region,NCR,2023,10th Decile,427620.84,TRUE
National Capital Region,Region,NCR,2023,1st Decile,94452.9,TRUE
National Capital Region,Region,NCR,2023,2nd Decile,117464.79,TRUE
National Capital Region,Region,NCR,2023,3rd Decile,127934.6,TRUE
National Capital Region,Region,NCR,2023,4th Decile,141971.78,TRUE
National Capital Region,Region,NCR,2023,5th Decile,154774.39,TRUE
National Capital Region,Region,NCR,2023,6th Decile,170358.4,TRUE
National Capital Region,Region,NCR,2023,7th Decile,188200.04,TRUE
National Capital Region,Region,NCR,2023,8th Decile,208683.05,TRUE
National Capital Region,Region,NCR,2023,9th Decile,234340.51,TRUE
National Capital Region,Region,NCR,2023,All Income Groups,1865801.3,TRUE
Manila,Province,NCR,2018,10th Decile,40344.05,FALSE
Manila,Province,NCR,2018,1st Decile,9229,FALSE
Manila,Province,NCR,2018,2nd Decile,12068.34,FALSE
Manila,Province,NCR,2018,3rd Decile,14075.71,FALSE
Manila,Province,NCR,2018,4th Decile,16395.65,FALSE
Manila,Province,NCR,2018,5th Decile,16359.63,FALSE
Manila,Province,NCR,2018,6th Decile,18953.61,FALSE
Manila,Province,NCR,2018,7th Decile,21199.05,FALSE
Manila,Province,NCR,2018,8th Decile,22872.7,FALSE
Manila,Province,NCR,2018,9th Decile,25676.51,FALSE
Manila,Province,NCR,2018,All Income Groups,197174.25,FALSE
Manila,Province,NCR,2021,10th Decile,36244.13,FALSE
Manila,Province,NCR,2021,1st Decile,12756.53,FALSE
Manila,Province,NCR,2021,2nd Decile,14367.17,FALSE
Manila,Province,NCR,2021,3rd Decile,15252.71,FALSE
Manila,Province,NCR,2021,4th Decile,17313.18,FALSE
Manila,Province,NCR,2021,5th Decile,18312.17,FALSE
Manila,Province,NCR,2021,6th Decile,18747.08,FALSE
Manila,Province,NCR,2021,7th Decile,21382.04,FALSE
Manila,Province,NCR,2021,8th Decile,23313.65,FALSE
Manila,Province,NCR,2021,9th Decile,26681.02,FALSE
Manila,Province,NCR,2021,All Income Groups,204369.69,FALSE
Manila,Province,NCR,2023,10th Decile,47901.45,TRUE
Manila,Province,NCR,2023,1st Decile,12026.79,TRUE
Manila,Province,NCR,2023,2nd Decile,16715.58,TRUE
Manila,Province,NCR,2023,3rd Decile,18672.51,TRUE
Manila,Province,NCR,2023,4th Decile,20079.84,TRUE
Manila,Province,NCR,2023,5th Decile,20757.54,TRUE
Manila,Province,NCR,2023,6th Decile,22831.85,TRUE
Manila,Province,NCR,2023,7th Decile,25612.84,TRUE
Manila,Province,NCR,2023,8th Decile,30157.34,TRUE
Manila,Province,NCR,2023,9th Decile,31476.92,TRUE
Manila,Province,NCR,2023,All Income Groups,246232.67,TRUE
Mandaluyong,Province,NCR,2018,10th Decile,27465.28,FALSE
Mandaluyong,Province,NCR,2018,1st Decile,2706.97,FALSE
Mandaluyong,Province,NCR,2018,2nd Decile,3517.13,FALSE
Mandaluyong,Province,NCR,2018,3rd Decile,3899.12,FALSE
Mandaluyong,Province,NCR,2018,4th Decile,4683.56,FALSE
Mandaluyong,Province,NCR,2018,5th Decile,4765.88,FALSE
Mandaluyong,Province,NCR,2018,6th Decile,5746.47,FALSE
Mandaluyong,Province,NCR,2018,7th Decile,6346.94,FALSE
Mandaluyong,Province,NCR,2018,8th Decile,7644.74,FALSE
Mandaluyong,Province,NCR,2018,9th Decile,10370.08,FALSE
Mandaluyong,Province,NCR,2018,All Income Groups,77146.17,FALSE
Mandaluyong,Province,NCR,2021,10th Decile,11970.43,FALSE
Mandaluyong,Province,NCR,2021,1st Decile,3956.37,FALSE
Mandaluyong,Province,NCR,2021,2nd Decile,4231.84,FALSE
Mandaluyong,Province,NCR,2021,3rd Decile,4447.2,FALSE
Mandaluyong,Province,NCR,2021,4th Decile,5169.04,FALSE
Mandaluyong,Province,NCR,2021,5th Decile,5413.22,FALSE
Mandaluyong,Province,NCR,2021,6th Decile,5908.25,FALSE
Mandaluyong,Province,NCR,2021,7th Decile,6108.5,FALSE
Mandaluyong,Province,NCR,2021,8th Decile,7377.02,FALSE
Mandaluyong,Province,NCR,2021,9th Decile,7770.84,FALSE
Mandaluyong,Province,NCR,2021,All Income Groups,62352.7,FALSE
Mandaluyong,Province,NCR,2023,10th Decile,21743.44,TRUE
Mandaluyong,Province,NCR,2023,1st Decile,4743.61,TRUE
Mandaluyong,Province,NCR,2023,2nd Decile,5620.73,TRUE
Mandaluyong,Province,NCR,2023,3rd Decile,6660.45,TRUE
Mandaluyong,Province,NCR,2023,4th Decile,6622.14,TRUE
Mandaluyong,Province,NCR,2023,5th Decile,7441.95,TRUE
Mandaluyong,Province,NCR,2023,6th Decile,8095.61,TRUE
Mandaluyong,Province,NCR,2023,7th Decile,9119.63,TRUE
Mandaluyong,Province,NCR,2023,8th Decile,11302.84,TRUE
Mandaluyong,Province,NCR,2023,9th Decile,12524.95,TRUE
Mandaluyong,Province,NCR,2023,All Income Groups,93875.35,TRUE
San Juan,Province,NCR,2018,10th Decile,5366.1,FALSE
San Juan,Province,NCR,2018,1st Decile,667.05,FALSE
San Juan,Province,NCR,2018,2nd Decile,902.46,FALSE
San Juan,Province,NCR,2018,3rd Decile,968.66,FALSE
San Juan,Province,NCR,2018,4th Decile,1100.89,FALSE
San Juan,Province,NCR,2018,5th Decile,1314.67,FALSE
San Juan,Province,NCR,2018,6th Decile,1406.52,FALSE
San Juan,Province,NCR,2018,7th Decile,1623.23,FALSE
San Juan,Province,NCR,2018,8th Decile,1623.09,FALSE
San Juan,Province,NCR,2018,9th Decile,2051.87,FALSE
San Juan,Province,NCR,2018,All Income Groups,17024.55,FALSE
San Juan,Province,NCR,2021,10th Decile,3518.9,FALSE
San Juan,Province,NCR,2021,1st Decile,869.95,FALSE
San Juan,Province,NCR,2021,2nd Decile,924.42,FALSE
San Juan,Province,NCR,2021,3rd Decile,1228.94,FALSE
San Juan,Province,NCR,2021,4th Decile,1177.94,FALSE
San Juan,Province,NCR,2021,5th Decile,1465.38,FALSE
San Juan,Province,NCR,2021,6th Decile,1263.61,FALSE
San Juan,Province,NCR,2021,7th Decile,1698.37,FALSE
San Juan,Province,NCR,2021,8th Decile,1634.49,FALSE
San Juan,Province,NCR,2021,9th Decile,2058.52,FALSE
San Juan,Province,NCR,2021,All Income Groups,15840.53,FALSE
San Juan,Province,NCR,2023,10th Decile,6886.4,TRUE
San Juan,Province,NCR,2023,1st Decile,927.18,TRUE
San Juan,Province,NCR,2023,2nd Decile,1427.25,TRUE
San Juan,Province,NCR,2023,3rd Decile,1480.95,TRUE
San Juan,Province,NCR,2023,4th Decile,1511.59,TRUE
San Juan,Province,NCR,2023,5th Decile,1722.84,TRUE
San Juan,Province,NCR,2023,6th Decile,2020.34,TRUE
San Juan,Province,NCR,2023,7th Decile,2265.23,TRUE
San Juan,Province,NCR,2023,8th Decile,1851.47,TRUE
San Juan,Province,NCR,2023,9th Decile,4226.9,TRUE
San Juan,Province,NCR,2023,All Income Groups,24320.15,TRUE
Quezon City,HUC/City,NCR,2018,10th Decile,77346.23,FALSE
Quezon City,HUC/City,NCR,2018,1st Decile,16200.91,FALSE
Quezon City,HUC/City,NCR,2018,2nd Decile,19913.52,FALSE
Quezon City,HUC/City,NCR,2018,3rd Decile,20545.99,FALSE
Quezon City,HUC/City,NCR,2018,4th Decile,23706.56,FALSE
Quezon City,HUC/City,NCR,2018,5th Decile,26909.54,FALSE
Quezon City,HUC/City,NCR,2018,6th Decile,30034.67,FALSE
Quezon City,HUC/City,NCR,2018,7th Decile,35953.16,FALSE
Quezon City,HUC/City,NCR,2018,8th Decile,39623.6,FALSE
Quezon City,HUC/City,NCR,2018,9th Decile,50215.87,FALSE
Quezon City,HUC/City,NCR,2018,All Income Groups,340450.04,FALSE
Quezon City,HUC/City,NCR,2021,10th Decile,72498.44,FALSE
Quezon City,HUC/City,NCR,2021,1st Decile,17265.27,FALSE
Quezon City,HUC/City,NCR,2021,2nd Decile,19203.69,FALSE
Quezon City,HUC/City,NCR,2021,3rd Decile,22399.5,FALSE
Quezon City,HUC/City,NCR,2021,4th Decile,23882.82,FALSE
Quezon City,HUC/City,NCR,2021,5th Decile,27449.09,FALSE
Quezon City,HUC/City,NCR,2021,6th Decile,27241.02,FALSE
Quezon City,HUC/City,NCR,2021,7th Decile,31191.57,FALSE
Quezon City,HUC/City,NCR,2021,8th Decile,35536.29,FALSE
Quezon City,HUC/City,NCR,2021,9th Decile,39199.81,FALSE
Quezon City,HUC/City,NCR,2021,All Income Groups,315867.49,FALSE
Quezon City,HUC/City,NCR,2023,10th Decile,74062.25,TRUE
Quezon City,HUC/City,NCR,2023,1st Decile,20501.01,TRUE
Quezon City,HUC/City,NCR,2023,2nd Decile,25201.84,TRUE
Quezon City,HUC/City,NCR,2023,3rd Decile,24932.28,TRUE
Quezon City,HUC/City,NCR,2023,4th Decile,29128.12,TRUE
Quezon City,HUC/City,NCR,2023,5th Decile,30704.25,TRUE
Quezon City,HUC/City,NCR,2023,6th Decile,31496.79,TRUE
Quezon City,HUC/City,NCR,2023,7th Decile,36983.61,TRUE
Quezon City,HUC/City,NCR,2023,8th Decile,41553.4,TRUE
Quezon City,HUC/City,NCR,2023,9th Decile,44645.26,TRUE
Quezon City,HUC/City,NCR,2023,All Income Groups,359208.8,TRUE
Marikina,Province,NCR,2018,10th Decile,11331.59,FALSE
Marikina,Province,NCR,2018,1st Decile,2172.53,FALSE
Marikina,Province,NCR,2018,2nd Decile,2525.15,FALSE
Marikina,Province,NCR,2018,3rd Decile,3024.7,FALSE
Marikina,Province,NCR,2018,4th Decile,3523.89,FALSE
Marikina,Province,NCR,2018,5th Decile,3958.4,FALSE
Marikina,Province,NCR,2018,6th Decile,4241.79,FALSE
Marikina,Province,NCR,2018,7th Decile,4941.79,FALSE
Marikina,Province,NCR,2018,8th Decile,5974.21,FALSE
Marikina,Province,NCR,2018,9th Decile,6844.62,FALSE
Marikina,Province,NCR,2018,All Income Groups,48538.67,FALSE
Marikina,Province,NCR,2021,10th Decile,11660.71,FALSE
Marikina,Province,NCR,2021,1st Decile,2408.44,FALSE
Marikina,Province,NCR,2021,2nd Decile,2985.1,FALSE
Marikina,Province,NCR,2021,3rd Decile,3725.41,FALSE
Marikina,Province,NCR,2021,4th Decile,4062.73,FALSE
Marikina,Province,NCR,2021,5th Decile,3960.24,FALSE
Marikina,Province,NCR,2021,6th Decile,4452.57,FALSE
Marikina,Province,NCR,2021,7th Decile,5140.25,FALSE
Marikina,Province,NCR,2021,8th Decile,6136.91,FALSE
Marikina,Province,NCR,2021,9th Decile,6930.35,FALSE
Marikina,Province,NCR,2021,All Income Groups,51462.72,FALSE
Marikina,Province,NCR,2023,10th Decile,13378.77,TRUE
Marikina,Province,NCR,2023,1st Decile,3086.86,TRUE
Marikina,Province,NCR,2023,2nd Decile,3654.14,TRUE
Marikina,Province,NCR,2023,3rd Decile,3832.83,TRUE
Marikina,Province,NCR,2023,4th Decile,4551.19,TRUE
Marikina,Province,NCR,2023,5th Decile,5102.32,TRUE
Marikina,Province,NCR,2023,6th Decile,5477.41,TRUE
Marikina,Province,NCR,2023,7th Decile,6405.09,TRUE
Marikina,Province,NCR,2023,8th Decile,6708.86,TRUE
Marikina,Province,NCR,2023,9th Decile,8202.01,TRUE
Marikina,Province,NCR,2023,All Income Groups,60399.48,TRUE
Pasig,Province,NCR,2018,10th Decile,18863.82,FALSE
Pasig,Province,NCR,2018,1st Decile,4054.37,FALSE
Pasig,Province,NCR,2018,2nd Decile,5193.79,FALSE
Pasig,Province,NCR,2018,3rd Decile,6331.4,FALSE
Pasig,Province,NCR,2018,4th Decile,6688.45,FALSE
Pasig,Province,NCR,2018,5th Decile,7737.43,FALSE
Pasig,Province,NCR,2018,6th Decile,8222.33,FALSE
Pasig,Province,NCR,2018,7th Decile,9023.06,FALSE
Pasig,Province,NCR,2018,8th Decile,10888.25,FALSE
Pasig,Province,NCR,2018,9th Decile,11771.78,FALSE
Pasig,Province,NCR,2018,All Income Groups,88774.66,FALSE
Pasig,Province,NCR,2021,10th Decile,19492.94,FALSE
Pasig,Province,NCR,2021,1st Decile,4587.14,FALSE
Pasig,Province,NCR,2021,2nd Decile,5527.01,FALSE
Pasig,Province,NCR,2021,3rd Decile,6336.98,FALSE
Pasig,Province,NCR,2021,4th Decile,7181.14,FALSE
Pasig,Province,NCR,2021,5th Decile,8036.58,FALSE
Pasig,Province,NCR,2021,6th Decile,8477,FALSE
Pasig,Province,NCR,2021,7th Decile,9076.68,FALSE
Pasig,Province,NCR,2021,8th Decile,11063.25,FALSE
Pasig,Province,NCR,2021,9th Decile,11258.18,FALSE
Pasig,Province,NCR,2021,All Income Groups,91036.89,FALSE
Pasig,Province,NCR,2023,10th Decile,32787.96,TRUE
Pasig,Province,NCR,2023,1st Decile,5727.71,TRUE
Pasig,Province,NCR,2023,2nd Decile,7108.99,TRUE
Pasig,Province,NCR,2023,3rd Decile,8616.31,TRUE
Pasig,Province,NCR,2023,4th Decile,9190.88,TRUE
Pasig,Province,NCR,2023,5th Decile,11088.94,TRUE
Pasig,Province,NCR,2023,6th Decile,12045.15,TRUE
Pasig,Province,NCR,2023,7th Decile,13856.16,TRUE
Pasig,Province,NCR,2023,8th Decile,13573.81,TRUE
Pasig,Province,NCR,2023,9th Decile,16769.11,TRUE
Pasig,Province,NCR,2023,All Income Groups,130765.02,TRUE
Caloocan,Province,NCR,2018,10th Decile,28062.5,FALSE
Caloocan,Province,NCR,2018,1st Decile,6913.78,FALSE
Caloocan,Province,NCR,2018,2nd Decile,8804.2,FALSE
Caloocan,Province,NCR,2018,3rd Decile,9527.75,FALSE
Caloocan,Province,NCR,2018,4th Decile,11662,FALSE
Caloocan,Province,NCR,2018,5th Decile,12364.79,FALSE
Caloocan,Province,NCR,2018,6th Decile,13480.48,FALSE
Caloocan,Province,NCR,2018,7th Decile,14232.14,FALSE
Caloocan,Province,NCR,2018,8th Decile,16910.58,FALSE
Caloocan,Province,NCR,2018,9th Decile,19393.07,FALSE
Caloocan,Province,NCR,2018,All Income Groups,141351.28,FALSE
Caloocan,Province,NCR,2021,10th Decile,22637.36,FALSE
Caloocan,Province,NCR,2021,1st Decile,7449.83,FALSE
Caloocan,Province,NCR,2021,2nd Decile,8654.86,FALSE
Caloocan,Province,NCR,2021,3rd Decile,9641.16,FALSE
Caloocan,Province,NCR,2021,4th Decile,10626.57,FALSE
Caloocan,Province,NCR,2021,5th Decile,11525.44,FALSE
Caloocan,Province,NCR,2021,6th Decile,12638.44,FALSE
Caloocan,Province,NCR,2021,7th Decile,13693.4,FALSE
Caloocan,Province,NCR,2021,8th Decile,15020.12,FALSE
Caloocan,Province,NCR,2021,9th Decile,17998.65,FALSE
Caloocan,Province,NCR,2021,All Income Groups,129885.82,FALSE
Caloocan,Province,NCR,2023,10th Decile,23783.1,TRUE
Caloocan,Province,NCR,2023,1st Decile,9714.43,TRUE
Caloocan,Province,NCR,2023,2nd Decile,11273.81,TRUE
Caloocan,Province,NCR,2023,3rd Decile,11602.38,TRUE
Caloocan,Province,NCR,2023,4th Decile,13567.6,TRUE
Caloocan,Province,NCR,2023,5th Decile,14658.11,TRUE
Caloocan,Province,NCR,2023,6th Decile,15307.98,TRUE
Caloocan,Province,NCR,2023,7th Decile,17141.94,TRUE
Caloocan,Province,NCR,2023,8th Decile,18023.03,TRUE
Caloocan,Province,NCR,2023,9th Decile,19089.52,TRUE
Caloocan,Province,NCR,2023,All Income Groups,154161.91,TRUE
Malabon,Province,NCR,2018,10th Decile,5484.72,FALSE
Malabon,Province,NCR,2018,1st Decile,1866.51,FALSE
Malabon,Province,NCR,2018,2nd Decile,2298.05,FALSE
Malabon,Province,NCR,2018,3rd Decile,2408.53,FALSE
Malabon,Province,NCR,2018,4th Decile,2682.49,FALSE
Malabon,Province,NCR,2018,5th Decile,2647.08,FALSE
Malabon,Province,NCR,2018,6th Decile,2968.51,FALSE
Malabon,Province,NCR,2018,7th Decile,3298.03,FALSE
Malabon,Province,NCR,2018,8th Decile,3918.36,FALSE
Malabon,Province,NCR,2018,9th Decile,4178.4,FALSE
Malabon,Province,NCR,2018,All Income Groups,31750.68,FALSE
Malabon,Province,NCR,2021,10th Decile,5676.91,FALSE
Malabon,Province,NCR,2021,1st Decile,1850.47,FALSE
Malabon,Province,NCR,2021,2nd Decile,2159.84,FALSE
Malabon,Province,NCR,2021,3rd Decile,2299.82,FALSE
Malabon,Province,NCR,2021,4th Decile,2528.62,FALSE
Malabon,Province,NCR,2021,5th Decile,2816.92,FALSE
Malabon,Province,NCR,2021,6th Decile,3258.91,FALSE
Malabon,Province,NCR,2021,7th Decile,3351.83,FALSE
Malabon,Province,NCR,2021,8th Decile,3674.22,FALSE
Malabon,Province,NCR,2021,9th Decile,3785.65,FALSE
Malabon,Province,NCR,2021,All Income Groups,31403.2,FALSE
Malabon,Province,NCR,2023,10th Decile,5668.04,TRUE
Malabon,Province,NCR,2023,1st Decile,2104.7,TRUE
Malabon,Province,NCR,2023,2nd Decile,2358.35,TRUE
Malabon,Province,NCR,2023,3rd Decile,2660.35,TRUE
Malabon,Province,NCR,2023,4th Decile,2895.43,TRUE
Malabon,Province,NCR,2023,5th Decile,2970.05,TRUE
Malabon,Province,NCR,2023,6th Decile,3583.68,TRUE
Malabon,Province,NCR,2023,7th Decile,3716.05,TRUE
Malabon,Province,NCR,2023,8th Decile,3632.12,TRUE
Malabon,Province,NCR,2023,9th Decile,4682.16,TRUE
Malabon,Province,NCR,2023,All Income Groups,34270.92,TRUE
Navotas,Province,NCR,2018,10th Decile,4717.48,FALSE
Navotas,Province,NCR,2018,1st Decile,1138.95,FALSE
Navotas,Province,NCR,2018,2nd Decile,1314.04,FALSE
Navotas,Province,NCR,2018,3rd Decile,1574.04,FALSE
Navotas,Province,NCR,2018,4th Decile,1731.19,FALSE
Navotas,Province,NCR,2018,5th Decile,1923.65,FALSE
Navotas,Province,NCR,2018,6th Decile,2097.62,FALSE
Navotas,Province,NCR,2018,7th Decile,2416.39,FALSE
Navotas,Province,NCR,2018,8th Decile,2393.69,FALSE
Navotas,Province,NCR,2018,9th Decile,2598.63,FALSE
Navotas,Province,NCR,2018,All Income Groups,21905.68,FALSE
Navotas,Province,NCR,2021,10th Decile,3365.07,FALSE
Navotas,Province,NCR,2021,1st Decile,1336.5,FALSE
Navotas,Province,NCR,2021,2nd Decile,1532.7,FALSE
Navotas,Province,NCR,2021,3rd Decile,1649.29,FALSE
Navotas,Province,NCR,2021,4th Decile,1774.5,FALSE
Navotas,Province,NCR,2021,5th Decile,1806.73,FALSE
Navotas,Province,NCR,2021,6th Decile,2075.61,FALSE
Navotas,Province,NCR,2021,7th Decile,2167.24,FALSE
Navotas,Province,NCR,2021,8th Decile,2309.39,FALSE
Navotas,Province,NCR,2021,9th Decile,2493.03,FALSE
Navotas,Province,NCR,2021,All Income Groups,20510.06,FALSE
Navotas,Province,NCR,2023,10th Decile,3087.7,TRUE
Navotas,Province,NCR,2023,1st Decile,1456.07,TRUE
Navotas,Province,NCR,2023,2nd Decile,1594.94,TRUE
Navotas,Province,NCR,2023,3rd Decile,1902.55,TRUE
Navotas,Province,NCR,2023,4th Decile,1825.99,TRUE
Navotas,Province,NCR,2023,5th Decile,1963.39,TRUE
Navotas,Province,NCR,2023,6th Decile,2140.99,TRUE
Navotas,Province,NCR,2023,7th Decile,2217.79,TRUE
Navotas,Province,NCR,2023,8th Decile,2340.4,TRUE
Navotas,Province,NCR,2023,9th Decile,2761.59,TRUE
Navotas,Province,NCR,2023,All Income Groups,21291.41,TRUE
Valenzuela,Province,NCR,2018,10th Decile,11164.38,FALSE
Valenzuela,Province,NCR,2018,1st Decile,3463.15,FALSE
Valenzuela,Province,NCR,2018,2nd Decile,4296.1,FALSE
Valenzuela,Province,NCR,2018,3rd Decile,4310.59,FALSE
Valenzuela,Province,NCR,2018,4th Decile,5109.59,FALSE
Valenzuela,Province,NCR,2018,5th Decile,5256.32,FALSE
Valenzuela,Province,NCR,2018,6th Decile,6258.84,FALSE
Valenzuela,Province,NCR,2018,7th Decile,6012.56,FALSE
Valenzuela,Province,NCR,2018,8th Decile,6724.42,FALSE
Valenzuela,Province,NCR,2018,9th Decile,7517.83,FALSE
Valenzuela,Province,NCR,2018,All Income Groups,60113.79,FALSE
Valenzuela,Province,NCR,2021,10th Decile,10631.65,FALSE
Valenzuela,Province,NCR,2021,1st Decile,3450.18,FALSE
Valenzuela,Province,NCR,2021,2nd Decile,4106.42,FALSE
Valenzuela,Province,NCR,2021,3rd Decile,4563.09,FALSE
Valenzuela,Province,NCR,2021,4th Decile,5289.66,FALSE
Valenzuela,Province,NCR,2021,5th Decile,5260.84,FALSE
Valenzuela,Province,NCR,2021,6th Decile,5728.56,FALSE
Valenzuela,Province,NCR,2021,7th Decile,6971.48,FALSE
Valenzuela,Province,NCR,2021,8th Decile,7374.7,FALSE
Valenzuela,Province,NCR,2021,9th Decile,9328.28,FALSE
Valenzuela,Province,NCR,2021,All Income Groups,62704.85,FALSE
Valenzuela,Province,NCR,2023,10th Decile,11374.83,TRUE
Valenzuela,Province,NCR,2023,1st Decile,4429.33,TRUE
Valenzuela,Province,NCR,2023,2nd Decile,4856.89,TRUE
Valenzuela,Province,NCR,2023,3rd Decile,5187.11,TRUE
Valenzuela,Province,NCR,2023,4th Decile,5997.13,TRUE
Valenzuela,Province,NCR,2023,5th Decile,6898.67,TRUE
Valenzuela,Province,NCR,2023,6th Decile,7275.01,TRUE
Valenzuela,Province,NCR,2023,7th Decile,7464.16,TRUE
Valenzuela,Province,NCR,2023,8th Decile,8269.32,TRUE
Valenzuela,Province,NCR,2023,9th Decile,8139.7,TRUE
Valenzuela,Province,NCR,2023,All Income Groups,69892.16,TRUE
Las Pinas,Province,NCR,2018,10th Decile,15304.76,FALSE
Las Pinas,Province,NCR,2018,1st Decile,3428.67,FALSE
Las Pinas,Province,NCR,2018,2nd Decile,4412.58,FALSE
Las Pinas,Province,NCR,2018,3rd Decile,5303.65,FALSE
Las Pinas,Province,NCR,2018,4th Decile,5771.18,FALSE
Las Pinas,Province,NCR,2018,5th Decile,6461.74,FALSE
Las Pinas,Province,NCR,2018,6th Decile,7059.95,FALSE
Las Pinas,Province,NCR,2018,7th Decile,8437.25,FALSE
Las Pinas,Province,NCR,2018,8th Decile,8712.04,FALSE
Las Pinas,Province,NCR,2018,9th Decile,12413.93,FALSE
Las Pinas,Province,NCR,2018,All Income Groups,77305.75,FALSE
Las Pinas,Province,NCR,2021,10th Decile,13111.64,FALSE
Las Pinas,Province,NCR,2021,1st Decile,3336.31,FALSE
Las Pinas,Province,NCR,2021,2nd Decile,3976.73,FALSE
Las Pinas,Province,NCR,2021,3rd Decile,4622.11,FALSE
Las Pinas,Province,NCR,2021,4th Decile,5025.24,FALSE
Las Pinas,Province,NCR,2021,5th Decile,5623.53,FALSE
Las Pinas,Province,NCR,2021,6th Decile,6565.61,FALSE
Las Pinas,Province,NCR,2021,7th Decile,6798.1,FALSE
Las Pinas,Province,NCR,2021,8th Decile,7748.51,FALSE
Las Pinas,Province,NCR,2021,9th Decile,8774.5,FALSE
Las Pinas,Province,NCR,2021,All Income Groups,65582.27,FALSE
Las Pinas,Province,NCR,2023,10th Decile,17973.95,TRUE
Las Pinas,Province,NCR,2023,1st Decile,4905.24,TRUE
Las Pinas,Province,NCR,2023,2nd Decile,5972.29,TRUE
Las Pinas,Province,NCR,2023,3rd Decile,6668.52,TRUE
Las Pinas,Province,NCR,2023,4th Decile,7403.72,TRUE
Las Pinas,Province,NCR,2023,5th Decile,9040.78,TRUE
Las Pinas,Province,NCR,2023,6th Decile,9110.02,TRUE
Las Pinas,Province,NCR,2023,7th Decile,9793.41,TRUE
Las Pinas,Province,NCR,2023,8th Decile,11876.12,TRUE
Las Pinas,Province,NCR,2023,9th Decile,14072.9,TRUE
Las Pinas,Province,NCR,2023,All Income Groups,96816.95,TRUE
Muntinlupa,Province,NCR,2018,10th Decile,16774.77,FALSE
Muntinlupa,Province,NCR,2018,1st Decile,3094.77,FALSE
Muntinlupa,Province,NCR,2018,2nd Decile,3721.81,FALSE
Muntinlupa,Province,NCR,2018,3rd Decile,4188.18,FALSE
Muntinlupa,Province,NCR,2018,4th Decile,4411.52,FALSE
Muntinlupa,Province,NCR,2018,5th Decile,5038.91,FALSE
Muntinlupa,Province,NCR,2018,6th Decile,5278.37,FALSE
Muntinlupa,Province,NCR,2018,7th Decile,6383.3,FALSE
Muntinlupa,Province,NCR,2018,8th Decile,6691.37,FALSE
Muntinlupa,Province,NCR,2018,9th Decile,8691.8,FALSE
Muntinlupa,Province,NCR,2018,All Income Groups,64274.79,FALSE
Muntinlupa,Province,NCR,2021,10th Decile,10939.21,FALSE
Muntinlupa,Province,NCR,2021,1st Decile,3222.96,FALSE
Muntinlupa,Province,NCR,2021,2nd Decile,3875.35,FALSE
Muntinlupa,Province,NCR,2021,3rd Decile,4363.52,FALSE
Muntinlupa,Province,NCR,2021,4th Decile,4461.54,FALSE
Muntinlupa,Province,NCR,2021,5th Decile,5302.92,FALSE
Muntinlupa,Province,NCR,2021,6th Decile,5836.26,FALSE
Muntinlupa,Province,NCR,2021,7th Decile,6395.2,FALSE
Muntinlupa,Province,NCR,2021,8th Decile,7899.76,FALSE
Muntinlupa,Province,NCR,2021,9th Decile,8094.04,FALSE
Muntinlupa,Province,NCR,2021,All Income Groups,60390.76,FALSE
Muntinlupa,Province,NCR,2023,10th Decile,14718.31,TRUE
Muntinlupa,Province,NCR,2023,1st Decile,5055.53,TRUE
Muntinlupa,Province,NCR,2023,2nd Decile,5737.72,TRUE
Muntinlupa,Province,NCR,2023,3rd Decile,6193.05,TRUE
Muntinlupa,Province,NCR,2023,4th Decile,6818.25,TRUE
Muntinlupa,Province,NCR,2023,5th Decile,6806.8,TRUE
Muntinlupa,Province,NCR,2023,6th Decile,8057.82,TRUE
Muntinlupa,Province,NCR,2023,7th Decile,8179.7,TRUE
Muntinlupa,Province,NCR,2023,8th Decile,8543.02,TRUE
Muntinlupa,Province,NCR,2023,9th Decile,10218.37,TRUE
Muntinlupa,Province,NCR,2023,All Income Groups,80328.59,TRUE
Parañaque,Province,NCR,2018,10th Decile,19858.8,FALSE
Parañaque,Province,NCR,2018,1st Decile,4137.54,FALSE
Parañaque,Province,NCR,2018,2nd Decile,5361.83,FALSE
Parañaque,Province,NCR,2018,3rd Decile,6406.64,FALSE
Parañaque,Province,NCR,2018,4th Decile,6762.74,FALSE
Parañaque,Province,NCR,2018,5th Decile,8068.85,FALSE
Parañaque,Province,NCR,2018,6th Decile,8061.08,FALSE
Parañaque,Province,NCR,2018,7th Decile,9618.36,FALSE
Parañaque,Province,NCR,2018,8th Decile,10781.51,FALSE
Parañaque,Province,NCR,2018,9th Decile,14856.41,FALSE
Parañaque,Province,NCR,2018,All Income Groups,93913.75,FALSE
Parañaque,Province,NCR,2021,10th Decile,24354.55,FALSE
Parañaque,Province,NCR,2021,1st Decile,4193.32,FALSE
Parañaque,Province,NCR,2021,2nd Decile,5262.76,FALSE
Parañaque,Province,NCR,2021,3rd Decile,6056.41,FALSE
Parañaque,Province,NCR,2021,4th Decile,6152.67,FALSE
Parañaque,Province,NCR,2021,5th Decile,7314.07,FALSE
Parañaque,Province,NCR,2021,6th Decile,7372.59,FALSE
Parañaque,Province,NCR,2021,7th Decile,9172.76,FALSE
Parañaque,Province,NCR,2021,8th Decile,10429.75,FALSE
Parañaque,Province,NCR,2021,9th Decile,12911.46,FALSE
Parañaque,Province,NCR,2021,All Income Groups,93220.34,FALSE
Parañaque,Province,NCR,2023,10th Decile,26851.75,TRUE
Parañaque,Province,NCR,2023,1st Decile,5989.89,TRUE
Parañaque,Province,NCR,2023,2nd Decile,7156.42,TRUE
Parañaque,Province,NCR,2023,3rd Decile,7495.51,TRUE
Parañaque,Province,NCR,2023,4th Decile,9020.57,TRUE
Parañaque,Province,NCR,2023,5th Decile,9714.27,TRUE
Parañaque,Province,NCR,2023,6th Decile,9982.91,TRUE
Parañaque,Province,NCR,2023,7th Decile,11765.98,TRUE
Parañaque,Province,NCR,2023,8th Decile,12005.04,TRUE
Parañaque,Province,NCR,2023,9th Decile,14393.33,TRUE
Parañaque,Province,NCR,2023,All Income Groups,114375.68,TRUE
Pasay City,HUC/City,NCR,2018,10th Decile,8153.32,FALSE
Pasay City,HUC/City,NCR,2018,1st Decile,2444.21,FALSE
Pasay City,HUC/City,NCR,2018,2nd Decile,3082.72,FALSE
Pasay City,HUC/City,NCR,2018,3rd Decile,3527.71,FALSE
Pasay City,HUC/City,NCR,2018,4th Decile,4263.91,FALSE
Pasay City,HUC/City,NCR,2018,5th Decile,4662.4,FALSE
Pasay City,HUC/City,NCR,2018,6th Decile,4426.24,FALSE
Pasay City,HUC/City,NCR,2018,7th Decile,5524.07,FALSE
Pasay City,HUC/City,NCR,2018,8th Decile,6178.42,FALSE
Pasay City,HUC/City,NCR,2018,9th Decile,7014.22,FALSE
Pasay City,HUC/City,NCR,2018,All Income Groups,49277.21,FALSE
Pasay City,HUC/City,NCR,2021,10th Decile,8520.46,FALSE
Pasay City,HUC/City,NCR,2021,1st Decile,2364.5,FALSE
Pasay City,HUC/City,NCR,2021,2nd Decile,2842.66,FALSE
Pasay City,HUC/City,NCR,2021,3rd Decile,3390,FALSE
Pasay City,HUC/City,NCR,2021,4th Decile,3737.06,FALSE
Pasay City,HUC/City,NCR,2021,5th Decile,4298.11,FALSE
Pasay City,HUC/City,NCR,2021,6th Decile,4483.05,FALSE
Pasay City,HUC/City,NCR,2021,7th Decile,5070.6,FALSE
Pasay City,HUC/City,NCR,2021,8th Decile,5922.81,FALSE
Pasay City,HUC/City,NCR,2021,9th Decile,6076.2,FALSE
Pasay City,HUC/City,NCR,2021,All Income Groups,46705.45,FALSE
Pasay City,HUC/City,NCR,2023,10th Decile,9637.41,TRUE
Pasay City,HUC/City,NCR,2023,1st Decile,3517.44,TRUE
Pasay City,HUC/City,NCR,2023,2nd Decile,4001.78,TRUE
Pasay City,HUC/City,NCR,2023,3rd Decile,4292.48,TRUE
Pasay City,HUC/City,NCR,2023,4th Decile,4931.53,TRUE
Pasay City,HUC/City,NCR,2023,5th Decile,5563.65,TRUE
Pasay City,HUC/City,NCR,2023,6th Decile,6010.8,TRUE
Pasay City,HUC/City,NCR,2023,7th Decile,6272.59,TRUE
Pasay City,HUC/City,NCR,2023,8th Decile,6863.36,TRUE
Pasay City,HUC/City,NCR,2023,9th Decile,6914.58,TRUE
Pasay City,HUC/City,NCR,2023,All Income Groups,58005.62,TRUE
Makati,Province,NCR,2018,10th Decile,31014.89,FALSE
Makati,Province,NCR,2018,1st Decile,4657.52,FALSE
Makati,Province,NCR,2018,2nd Decile,6228.52,FALSE
Makati,Province,NCR,2018,3rd Decile,7312.5,FALSE
Makati,Province,NCR,2018,4th Decile,8010.09,FALSE
Makati,Province,NCR,2018,5th Decile,8592.26,FALSE
Makati,Province,NCR,2018,6th Decile,8843.93,FALSE
Makati,Province,NCR,2018,7th Decile,11013.34,FALSE
Makati,Province,NCR,2018,8th Decile,12882.17,FALSE
Makati,Province,NCR,2018,9th Decile,14364.95,FALSE
Makati,Province,NCR,2018,All Income Groups,112920.17,FALSE
Makati,Province,NCR,2021,10th Decile,32520.35,FALSE
Makati,Province,NCR,2021,1st Decile,4661.32,FALSE
Makati,Province,NCR,2021,2nd Decile,6335.13,FALSE
Makati,Province,NCR,2021,3rd Decile,7207.62,FALSE
Makati,Province,NCR,2021,4th Decile,8581.83,FALSE
Makati,Province,NCR,2021,5th Decile,7857.56,FALSE
Makati,Province,NCR,2021,6th Decile,10612.38,FALSE
Makati,Province,NCR,2021,7th Decile,10311.39,FALSE
Makati,Province,NCR,2021,8th Decile,10838.87,FALSE
Makati,Province,NCR,2021,9th Decile,12648.23,FALSE
Makati,Province,NCR,2021,All Income Groups,111574.69,FALSE
Makati,Province,NCR,2023,10th Decile,57709.27,TRUE
Makati,Province,NCR,2023,1st Decile,6053.1,TRUE
Makati,Province,NCR,2023,2nd Decile,7776.69,TRUE
Makati,Province,NCR,2023,3rd Decile,9866.18,TRUE
Makati,Province,NCR,2023,4th Decile,10633.73,TRUE
Makati,Province,NCR,2023,5th Decile,11484.72,TRUE
Makati,Province,NCR,2023,6th Decile,12767.96,TRUE
Makati,Province,NCR,2023,7th Decile,14146.57,TRUE
Makati,Province,NCR,2023,8th Decile,15649.22,TRUE
Makati,Province,NCR,2023,9th Decile,18259.65,TRUE
Makati,Province,NCR,2023,All Income Groups,164347.09,TRUE
Pateros,Province,NCR,2018,10th Decile,1166.37,FALSE
Pateros,Province,NCR,2018,1st Decile,279.47,FALSE
Pateros,Province,NCR,2018,2nd Decile,347.03,FALSE
Pateros,Province,NCR,2018,3rd Decile,442.95,FALSE
Pateros,Province,NCR,2018,4th Decile,528.02,FALSE
Pateros,Province,NCR,2018,5th Decile,585.76,FALSE
Pateros,Province,NCR,2018,6th Decile,569.51,FALSE
Pateros,Province,NCR,2018,7th Decile,643.79,FALSE
Pateros,Province,NCR,2018,8th Decile,769.43,FALSE
Pateros,Province,NCR,2018,9th Decile,799.69,FALSE
Pateros,Province,NCR,2018,All Income Groups,6132.02,FALSE
Pateros,Province,NCR,2021,10th Decile,790.28,FALSE
Pateros,Province,NCR,2021,1st Decile,275.72,FALSE
Pateros,Province,NCR,2021,2nd Decile,378.41,FALSE
Pateros,Province,NCR,2021,3rd Decile,369.94,FALSE
Pateros,Province,NCR,2021,4th Decile,436.16,FALSE
Pateros,Province,NCR,2021,5th Decile,484.67,FALSE
Pateros,Province,NCR,2021,6th Decile,507.65,FALSE
Pateros,Province,NCR,2021,7th Decile,601.87,FALSE
Pateros,Province,NCR,2021,8th Decile,621.12,FALSE
Pateros,Province,NCR,2021,9th Decile,628.52,FALSE
Pateros,Province,NCR,2021,All Income Groups,5094.35,FALSE
Pateros,Province,NCR,2023,10th Decile,1319.84,TRUE
Pateros,Province,NCR,2023,1st Decile,346.14,TRUE
Pateros,Province,NCR,2023,2nd Decile,445.65,TRUE
Pateros,Province,NCR,2023,3rd Decile,485.88,TRUE
Pateros,Province,NCR,2023,4th Decile,593.5,TRUE
Pateros,Province,NCR,2023,5th Decile,652.19,TRUE
Pateros,Province,NCR,2023,6th Decile,714.14,TRUE
Pateros,Province,NCR,2023,7th Decile,726.48,TRUE
Pateros,Province,NCR,2023,8th Decile,847.15,TRUE
Pateros,Province,NCR,2023,9th Decile,1004.92,TRUE
Pateros,Province,NCR,2023,All Income Groups,7135.91,TRUE
Taguig,Province,NCR,2018,10th Decile,18998.48,FALSE
Taguig,Province,NCR,2018,1st Decile,5017.77,FALSE
Taguig,Province,NCR,2018,2nd Decile,6478.48,FALSE
Taguig,Province,NCR,2018,3rd Decile,7514.66,FALSE
Taguig,Province,NCR,2018,4th Decile,7850.06,FALSE
Taguig,Province,NCR,2018,5th Decile,8255.89,FALSE
Taguig,Province,NCR,2018,6th Decile,9784.64,FALSE
Taguig,Province,NCR,2018,7th Decile,11108.71,FALSE
Taguig,Province,NCR,2018,8th Decile,12214.75,FALSE
Taguig,Province,NCR,2018,9th Decile,12492.74,FALSE
Taguig,Province,NCR,2018,All Income Groups,99716.19,FALSE
Taguig,Province,NCR,2021,10th Decile,19035.96,FALSE
Taguig,Province,NCR,2021,1st Decile,5348.52,FALSE
Taguig,Province,NCR,2021,2nd Decile,6852.11,FALSE
Taguig,Province,NCR,2021,3rd Decile,7221.94,FALSE
Taguig,Province,NCR,2021,4th Decile,8291.47,FALSE
Taguig,Province,NCR,2021,5th Decile,8354.49,FALSE
Taguig,Province,NCR,2021,6th Decile,9219.16,FALSE
Taguig,Province,NCR,2021,7th Decile,10476.48,FALSE
Taguig,Province,NCR,2021,8th Decile,11279.65,FALSE
Taguig,Province,NCR,2021,9th Decile,13546.87,FALSE
Taguig,Province,NCR,2021,All Income Groups,99626.64,FALSE
Taguig,Province,NCR,2023,10th Decile,37096.64,TRUE
Taguig,Province,NCR,2023,1st Decile,6801.57,TRUE
Taguig,Province,NCR,2023,2nd Decile,8700.42,TRUE
Taguig,Province,NCR,2023,3rd Decile,10205.81,TRUE
Taguig,Province,NCR,2023,4th Decile,11041.54,TRUE
Taguig,Province,NCR,2023,5th Decile,11741.16,TRUE
Taguig,Province,NCR,2023,6th Decile,14197.15,TRUE
Taguig,Province,NCR,2023,7th Decile,14585.42,TRUE
Taguig,Province,NCR,2023,8th Decile,17123.33,TRUE
Taguig,Province,NCR,2023,9th Decile,18880.56,TRUE
Taguig,Province,NCR,2023,All Income Groups,150373.59,TRUE
Region Iii - Central Luzon,Region,Region III (Central Luzon),2018,10th Decile,220170.62,FALSE
Region Iii - Central Luzon,Region,Region III (Central Luzon),2018,1st Decile,40704.13,FALSE
Region Iii - Central Luzon,Region,Region III (Central Luzon),2018,2nd Decile,53981.85,FALSE
Region Iii - Central Luzon,Region,Region III (Central Luzon),2018,3rd Decile,61209.2,FALSE
Region Iii - Central Luzon,Region,Region III (Central Luzon),2018,4th Decile,68448.76,FALSE
Region Iii - Central Luzon,Region,Region III (Central Luzon),2018,5th Decile,74945.19,FALSE
Region Iii - Central Luzon,Region,Region III (Central Luzon),2018,6th Decile,85259.16,FALSE
Region Iii - Central Luzon,Region,Region III (Central Luzon),2018,7th Decile,92157.39,FALSE
Region Iii - Central Luzon,Region,Region III (Central Luzon),2018,8th Decile,105258.82,FALSE
Region Iii - Central Luzon,Region,Region III (Central Luzon),2018,9th Decile,127463.19,FALSE
Region Iii - Central Luzon,Region,Region III (Central Luzon),2018,All Income Groups,929598.3,FALSE
Region Iii - Central Luzon,Region,Region III (Central Luzon),2021,10th Decile,222486.26,FALSE
Region Iii - Central Luzon,Region,Region III (Central Luzon),2021,1st Decile,45272.97,FALSE
Region Iii - Central Luzon,Region,Region III (Central Luzon),2021,2nd Decile,58542.73,FALSE
Region Iii - Central Luzon,Region,Region III (Central Luzon),2021,3rd Decile,67233.02,FALSE
Region Iii - Central Luzon,Region,Region III (Central Luzon),2021,4th Decile,71139.71,FALSE
Region Iii - Central Luzon,Region,Region III (Central Luzon),2021,5th Decile,80694.12,FALSE
Region Iii - Central Luzon,Region,Region III (Central Luzon),2021,6th Decile,90308.7,FALSE
Region Iii - Central Luzon,Region,Region III (Central Luzon),2021,7th Decile,98768.22,FALSE
Region Iii - Central Luzon,Region,Region III (Central Luzon),2021,8th Decile,113102.82,FALSE
Region Iii - Central Luzon,Region,Region III (Central Luzon),2021,9th Decile,134972.99,FALSE
Region Iii - Central Luzon,Region,Region III (Central Luzon),2021,All Income Groups,982521.54,FALSE
Region Iii - Central Luzon,Region,Region III (Central Luzon),2023,10th Decile,222290.8,TRUE
Region Iii - Central Luzon,Region,Region III (Central Luzon),2023,1st Decile,62324.78,TRUE
Region Iii - Central Luzon,Region,Region III (Central Luzon),2023,2nd Decile,78402.18,TRUE
Region Iii - Central Luzon,Region,Region III (Central Luzon),2023,3rd Decile,88461.46,TRUE
Region Iii - Central Luzon,Region,Region III (Central Luzon),2023,4th Decile,95915.16,TRUE
Region Iii - Central Luzon,Region,Region III (Central Luzon),2023,5th Decile,102489.34,TRUE
Region Iii - Central Luzon,Region,Region III (Central Luzon),2023,6th Decile,112017.76,TRUE
Region Iii - Central Luzon,Region,Region III (Central Luzon),2023,7th Decile,122421.89,TRUE
Region Iii - Central Luzon,Region,Region III (Central Luzon),2023,8th Decile,134118.59,TRUE
Region Iii - Central Luzon,Region,Region III (Central Luzon),2023,9th Decile,153606.87,TRUE
Region Iii - Central Luzon,Region,Region III (Central Luzon),2023,All Income Groups,1172048.83,TRUE
Aurora,Province,Region III (Central Luzon),2018,10th Decile,4800.27,FALSE
Aurora,Province,Region III (Central Luzon),2018,1st Decile,613.6,FALSE
Aurora,Province,Region III (Central Luzon),2018,2nd Decile,727.45,FALSE
Aurora,Province,Region III (Central Luzon),2018,3rd Decile,861.82,FALSE
Aurora,Province,Region III (Central Luzon),2018,4th Decile,870.65,FALSE
Aurora,Province,Region III (Central Luzon),2018,5th Decile,944.17,FALSE
Aurora,Province,Region III (Central Luzon),2018,6th Decile,996.03,FALSE
Aurora,Province,Region III (Central Luzon),2018,7th Decile,1089.4,FALSE
Aurora,Province,Region III (Central Luzon),2018,8th Decile,1606.7,FALSE
Aurora,Province,Region III (Central Luzon),2018,9th Decile,2217.29,FALSE
Aurora,Province,Region III (Central Luzon),2018,All Income Groups,14727.37,FALSE
Aurora,Province,Region III (Central Luzon),2021,10th Decile,4721.34,FALSE
Aurora,Province,Region III (Central Luzon),2021,1st Decile,615.34,FALSE
Aurora,Province,Region III (Central Luzon),2021,2nd Decile,772.23,FALSE
Aurora,Province,Region III (Central Luzon),2021,3rd Decile,911.73,FALSE
Aurora,Province,Region III (Central Luzon),2021,4th Decile,1000.28,FALSE
Aurora,Province,Region III (Central Luzon),2021,5th Decile,1072.69,FALSE
Aurora,Province,Region III (Central Luzon),2021,6th Decile,1196.01,FALSE
Aurora,Province,Region III (Central Luzon),2021,7th Decile,1431.43,FALSE
Aurora,Province,Region III (Central Luzon),2021,8th Decile,1595.95,FALSE
Aurora,Province,Region III (Central Luzon),2021,9th Decile,2103.14,FALSE
Aurora,Province,Region III (Central Luzon),2021,All Income Groups,15420.13,FALSE
Aurora,Province,Region III (Central Luzon),2023,10th Decile,5186.72,TRUE
Aurora,Province,Region III (Central Luzon),2023,1st Decile,840.35,TRUE
Aurora,Province,Region III (Central Luzon),2023,2nd Decile,1015.84,TRUE
Aurora,Province,Region III (Central Luzon),2023,3rd Decile,1090.25,TRUE
Aurora,Province,Region III (Central Luzon),2023,4th Decile,1108.23,TRUE
Aurora,Province,Region III (Central Luzon),2023,5th Decile,1271.27,TRUE
Aurora,Province,Region III (Central Luzon),2023,6th Decile,1341.3,TRUE
Aurora,Province,Region III (Central Luzon),2023,7th Decile,1429.71,TRUE
Aurora,Province,Region III (Central Luzon),2023,8th Decile,1808.66,TRUE
Aurora,Province,Region III (Central Luzon),2023,9th Decile,2374.78,TRUE
Aurora,Province,Region III (Central Luzon),2023,All Income Groups,17467.09,TRUE
Bataan,Province,Region III (Central Luzon),2018,10th Decile,20379.59,FALSE
Bataan,Province,Region III (Central Luzon),2018,1st Decile,2960.18,FALSE
Bataan,Province,Region III (Central Luzon),2018,2nd Decile,4007.2,FALSE
Bataan,Province,Region III (Central Luzon),2018,3rd Decile,4614.35,FALSE
Bataan,Province,Region III (Central Luzon),2018,4th Decile,5231.8,FALSE
Bataan,Province,Region III (Central Luzon),2018,5th Decile,6113.36,FALSE
Bataan,Province,Region III (Central Luzon),2018,6th Decile,6483.69,FALSE
Bataan,Province,Region III (Central Luzon),2018,7th Decile,6840.08,FALSE
Bataan,Province,Region III (Central Luzon),2018,8th Decile,8444.53,FALSE
Bataan,Province,Region III (Central Luzon),2018,9th Decile,9551.95,FALSE
Bataan,Province,Region III (Central Luzon),2018,All Income Groups,74626.73,FALSE
Bataan,Province,Region III (Central Luzon),2021,10th Decile,22452.36,FALSE
Bataan,Province,Region III (Central Luzon),2021,1st Decile,2889.87,FALSE
Bataan,Province,Region III (Central Luzon),2021,2nd Decile,4054.09,FALSE
Bataan,Province,Region III (Central Luzon),2021,3rd Decile,4705.24,FALSE
Bataan,Province,Region III (Central Luzon),2021,4th Decile,5218.69,FALSE
Bataan,Province,Region III (Central Luzon),2021,5th Decile,5561.95,FALSE
Bataan,Province,Region III (Central Luzon),2021,6th Decile,6382.95,FALSE
Bataan,Province,Region III (Central Luzon),2021,7th Decile,7075.05,FALSE
Bataan,Province,Region III (Central Luzon),2021,8th Decile,8559.97,FALSE
Bataan,Province,Region III (Central Luzon),2021,9th Decile,9471.29,FALSE
Bataan,Province,Region III (Central Luzon),2021,All Income Groups,76371.47,FALSE
Bataan,Province,Region III (Central Luzon),2023,10th Decile,20238.28,TRUE
Bataan,Province,Region III (Central Luzon),2023,1st Decile,3663.45,TRUE
Bataan,Province,Region III (Central Luzon),2023,2nd Decile,4612.39,TRUE
Bataan,Province,Region III (Central Luzon),2023,3rd Decile,5101.35,TRUE
Bataan,Province,Region III (Central Luzon),2023,4th Decile,6257.03,TRUE
Bataan,Province,Region III (Central Luzon),2023,5th Decile,6880.33,TRUE
Bataan,Province,Region III (Central Luzon),2023,6th Decile,7385.34,TRUE
Bataan,Province,Region III (Central Luzon),2023,7th Decile,7945.03,TRUE
Bataan,Province,Region III (Central Luzon),2023,8th Decile,9469.98,TRUE
Bataan,Province,Region III (Central Luzon),2023,9th Decile,11637.52,TRUE
Bataan,Province,Region III (Central Luzon),2023,All Income Groups,83190.7,TRUE
Bulacan,Province,Region III (Central Luzon),2018,10th Decile,64276.4,FALSE
Bulacan,Province,Region III (Central Luzon),2018,1st Decile,13347.37,FALSE
Bulacan,Province,Region III (Central Luzon),2018,2nd Decile,16170.3,FALSE
Bulacan,Province,Region III (Central Luzon),2018,3rd Decile,19603.63,FALSE
Bulacan,Province,Region III (Central Luzon),2018,4th Decile,21732.12,FALSE
Bulacan,Province,Region III (Central Luzon),2018,5th Decile,24108.05,FALSE
Bulacan,Province,Region III (Central Luzon),2018,6th Decile,27779.06,FALSE
Bulacan,Province,Region III (Central Luzon),2018,7th Decile,27796.07,FALSE
Bulacan,Province,Region III (Central Luzon),2018,8th Decile,31916.33,FALSE
Bulacan,Province,Region III (Central Luzon),2018,9th Decile,42411.01,FALSE
Bulacan,Province,Region III (Central Luzon),2018,All Income Groups,289140.33,FALSE
Bulacan,Province,Region III (Central Luzon),2021,10th Decile,69618.47,FALSE
Bulacan,Province,Region III (Central Luzon),2021,1st Decile,13696.51,FALSE
Bulacan,Province,Region III (Central Luzon),2021,2nd Decile,19038.71,FALSE
Bulacan,Province,Region III (Central Luzon),2021,3rd Decile,20477.3,FALSE
Bulacan,Province,Region III (Central Luzon),2021,4th Decile,21213.87,FALSE
Bulacan,Province,Region III (Central Luzon),2021,5th Decile,25647.67,FALSE
Bulacan,Province,Region III (Central Luzon),2021,6th Decile,26006.34,FALSE
Bulacan,Province,Region III (Central Luzon),2021,7th Decile,30471.34,FALSE
Bulacan,Province,Region III (Central Luzon),2021,8th Decile,33663.69,FALSE
Bulacan,Province,Region III (Central Luzon),2021,9th Decile,41397.88,FALSE
Bulacan,Province,Region III (Central Luzon),2021,All Income Groups,301231.77,FALSE
Bulacan,Province,Region III (Central Luzon),2023,10th Decile,61163.82,TRUE
Bulacan,Province,Region III (Central Luzon),2023,1st Decile,19188.78,TRUE
Bulacan,Province,Region III (Central Luzon),2023,2nd Decile,23684.81,TRUE
Bulacan,Province,Region III (Central Luzon),2023,3rd Decile,26399.89,TRUE
Bulacan,Province,Region III (Central Luzon),2023,4th Decile,28168.57,TRUE
Bulacan,Province,Region III (Central Luzon),2023,5th Decile,28215.41,TRUE
Bulacan,Province,Region III (Central Luzon),2023,6th Decile,33627.41,TRUE
Bulacan,Province,Region III (Central Luzon),2023,7th Decile,36692.92,TRUE
Bulacan,Province,Region III (Central Luzon),2023,8th Decile,38859.48,TRUE
Bulacan,Province,Region III (Central Luzon),2023,9th Decile,46692.62,TRUE
Bulacan,Province,Region III (Central Luzon),2023,All Income Groups,342693.71,TRUE
Nueva Ecija,Province,Region III (Central Luzon),2018,10th Decile,48245.94,FALSE
Nueva Ecija,Province,Region III (Central Luzon),2018,1st Decile,6864.4,FALSE
Nueva Ecija,Province,Region III (Central Luzon),2018,2nd Decile,8628.78,FALSE
Nueva Ecija,Province,Region III (Central Luzon),2018,3rd Decile,9538.76,FALSE
Nueva Ecija,Province,Region III (Central Luzon),2018,4th Decile,10806.35,FALSE
Nueva Ecija,Province,Region III (Central Luzon),2018,5th Decile,12333.21,FALSE
Nueva Ecija,Province,Region III (Central Luzon),2018,6th Decile,13045.16,FALSE
Nueva Ecija,Province,Region III (Central Luzon),2018,7th Decile,14603.62,FALSE
Nueva Ecija,Province,Region III (Central Luzon),2018,8th Decile,17431.09,FALSE
Nueva Ecija,Province,Region III (Central Luzon),2018,9th Decile,24036.77,FALSE
Nueva Ecija,Province,Region III (Central Luzon),2018,All Income Groups,165534.08,FALSE
Nueva Ecija,Province,Region III (Central Luzon),2021,10th Decile,36262.2,FALSE
Nueva Ecija,Province,Region III (Central Luzon),2021,1st Decile,7913.22,FALSE
Nueva Ecija,Province,Region III (Central Luzon),2021,2nd Decile,9155.88,FALSE
Nueva Ecija,Province,Region III (Central Luzon),2021,3rd Decile,9983.68,FALSE
Nueva Ecija,Province,Region III (Central Luzon),2021,4th Decile,11449.88,FALSE
Nueva Ecija,Province,Region III (Central Luzon),2021,5th Decile,12792.84,FALSE
Nueva Ecija,Province,Region III (Central Luzon),2021,6th Decile,13588.87,FALSE
Nueva Ecija,Province,Region III (Central Luzon),2021,7th Decile,15138.33,FALSE
Nueva Ecija,Province,Region III (Central Luzon),2021,8th Decile,16188.33,FALSE
Nueva Ecija,Province,Region III (Central Luzon),2021,9th Decile,20590.88,FALSE
Nueva Ecija,Province,Region III (Central Luzon),2021,All Income Groups,153064.11,FALSE
Nueva Ecija,Province,Region III (Central Luzon),2023,10th Decile,36090.64,TRUE
Nueva Ecija,Province,Region III (Central Luzon),2023,1st Decile,11480.74,TRUE
Nueva Ecija,Province,Region III (Central Luzon),2023,2nd Decile,13683.66,TRUE
Nueva Ecija,Province,Region III (Central Luzon),2023,3rd Decile,14776.88,TRUE
Nueva Ecija,Province,Region III (Central Luzon),2023,4th Decile,16578.2,TRUE
Nueva Ecija,Province,Region III (Central Luzon),2023,5th Decile,16799.76,TRUE
Nueva Ecija,Province,Region III (Central Luzon),2023,6th Decile,18761.34,TRUE
Nueva Ecija,Province,Region III (Central Luzon),2023,7th Decile,19950.4,TRUE
Nueva Ecija,Province,Region III (Central Luzon),2023,8th Decile,22610.58,TRUE
Nueva Ecija,Province,Region III (Central Luzon),2023,9th Decile,23756.34,TRUE
Nueva Ecija,Province,Region III (Central Luzon),2023,All Income Groups,194488.54,TRUE
Pampanga,Province,Region III (Central Luzon),2018,10th Decile,35098.49,FALSE
Pampanga,Province,Region III (Central Luzon),2018,1st Decile,11025.36,FALSE
Pampanga,Province,Region III (Central Luzon),2018,2nd Decile,13280.67,FALSE
Pampanga,Province,Region III (Central Luzon),2018,3rd Decile,14567.2,FALSE
Pampanga,Province,Region III (Central Luzon),2018,4th Decile,16014.04,FALSE
Pampanga,Province,Region III (Central Luzon),2018,5th Decile,16386.91,FALSE
Pampanga,Province,Region III (Central Luzon),2018,6th Decile,17921.42,FALSE
Pampanga,Province,Region III (Central Luzon),2018,7th Decile,17929.12,FALSE
Pampanga,Province,Region III (Central Luzon),2018,8th Decile,19813.78,FALSE
Pampanga,Province,Region III (Central Luzon),2018,9th Decile,24561.5,FALSE
Pampanga,Province,Region III (Central Luzon),2018,All Income Groups,186598.49,FALSE
Pampanga,Province,Region III (Central Luzon),2021,10th Decile,38397.42,FALSE
Pampanga,Province,Region III (Central Luzon),2021,1st Decile,12836.63,FALSE
Pampanga,Province,Region III (Central Luzon),2021,2nd Decile,14281.04,FALSE
Pampanga,Province,Region III (Central Luzon),2021,3rd Decile,14939.41,FALSE
Pampanga,Province,Region III (Central Luzon),2021,4th Decile,18069.98,FALSE
Pampanga,Province,Region III (Central Luzon),2021,5th Decile,18017.38,FALSE
Pampanga,Province,Region III (Central Luzon),2021,6th Decile,20090.63,FALSE
Pampanga,Province,Region III (Central Luzon),2021,7th Decile,21338.51,FALSE
Pampanga,Province,Region III (Central Luzon),2021,8th Decile,23676.55,FALSE
Pampanga,Province,Region III (Central Luzon),2021,9th Decile,26576.93,FALSE
Pampanga,Province,Region III (Central Luzon),2021,All Income Groups,208224.49,FALSE
Pampanga,Province,Region III (Central Luzon),2023,10th Decile,43920.54,TRUE
Pampanga,Province,Region III (Central Luzon),2023,1st Decile,16335.87,TRUE
Pampanga,Province,Region III (Central Luzon),2023,2nd Decile,18777.17,TRUE
Pampanga,Province,Region III (Central Luzon),2023,3rd Decile,20174.45,TRUE
Pampanga,Province,Region III (Central Luzon),2023,4th Decile,22525.39,TRUE
Pampanga,Province,Region III (Central Luzon),2023,5th Decile,21067.45,TRUE
Pampanga,Province,Region III (Central Luzon),2023,6th Decile,24400.81,TRUE
Pampanga,Province,Region III (Central Luzon),2023,7th Decile,26185.87,TRUE
Pampanga,Province,Region III (Central Luzon),2023,8th Decile,27841.23,TRUE
Pampanga,Province,Region III (Central Luzon),2023,9th Decile,30527.82,TRUE
Pampanga,Province,Region III (Central Luzon),2023,All Income Groups,251756.6,TRUE
Angeles,Province,Region III (Central Luzon),2018,10th Decile,7610.29,FALSE
Angeles,Province,Region III (Central Luzon),2018,1st Decile,2354.89,FALSE
Angeles,Province,Region III (Central Luzon),2018,2nd Decile,2710.55,FALSE
Angeles,Province,Region III (Central Luzon),2018,3rd Decile,2890.25,FALSE
Angeles,Province,Region III (Central Luzon),2018,4th Decile,3244.12,FALSE
Angeles,Province,Region III (Central Luzon),2018,5th Decile,3542.74,FALSE
Angeles,Province,Region III (Central Luzon),2018,6th Decile,3573.39,FALSE
Angeles,Province,Region III (Central Luzon),2018,7th Decile,4073.35,FALSE
Angeles,Province,Region III (Central Luzon),2018,8th Decile,4388.53,FALSE
Angeles,Province,Region III (Central Luzon),2018,9th Decile,4835.36,FALSE
Angeles,Province,Region III (Central Luzon),2018,All Income Groups,39223.47,FALSE
Angeles,Province,Region III (Central Luzon),2021,10th Decile,12089.72,FALSE
Angeles,Province,Region III (Central Luzon),2021,1st Decile,3435.55,FALSE
Angeles,Province,Region III (Central Luzon),2021,2nd Decile,3815.46,FALSE
Angeles,Province,Region III (Central Luzon),2021,3rd Decile,4256.86,FALSE
Angeles,Province,Region III (Central Luzon),2021,4th Decile,4407.98,FALSE
Angeles,Province,Region III (Central Luzon),2021,5th Decile,5035.15,FALSE
Angeles,Province,Region III (Central Luzon),2021,6th Decile,5289.04,FALSE
Angeles,Province,Region III (Central Luzon),2021,7th Decile,5551.37,FALSE
Angeles,Province,Region III (Central Luzon),2021,8th Decile,6160.52,FALSE
Angeles,Province,Region III (Central Luzon),2021,9th Decile,6786.25,FALSE
Angeles,Province,Region III (Central Luzon),2021,All Income Groups,56827.9,FALSE
Angeles,Province,Region III (Central Luzon),2023,10th Decile,10251.47,TRUE
Angeles,Province,Region III (Central Luzon),2023,1st Decile,4790.08,TRUE
Angeles,Province,Region III (Central Luzon),2023,2nd Decile,5672.65,TRUE
Angeles,Province,Region III (Central Luzon),2023,3rd Decile,5843.41,TRUE
Angeles,Province,Region III (Central Luzon),2023,4th Decile,6195.45,TRUE
Angeles,Province,Region III (Central Luzon),2023,5th Decile,6770.01,TRUE
Angeles,Province,Region III (Central Luzon),2023,6th Decile,6937.27,TRUE
Angeles,Province,Region III (Central Luzon),2023,7th Decile,7303.45,TRUE
Angeles,Province,Region III (Central Luzon),2023,8th Decile,7785.74,TRUE
Angeles,Province,Region III (Central Luzon),2023,9th Decile,8178.31,TRUE
Angeles,Province,Region III (Central Luzon),2023,All Income Groups,69727.85,TRUE
Tarlac,Province,Region III (Central Luzon),2018,10th Decile,20841,FALSE
Tarlac,Province,Region III (Central Luzon),2018,1st Decile,4231.54,FALSE
Tarlac,Province,Region III (Central Luzon),2018,2nd Decile,5327.98,FALSE
Tarlac,Province,Region III (Central Luzon),2018,3rd Decile,6496.71,FALSE
Tarlac,Province,Region III (Central Luzon),2018,4th Decile,6466.49,FALSE
Tarlac,Province,Region III (Central Luzon),2018,5th Decile,7405.57,FALSE
Tarlac,Province,Region III (Central Luzon),2018,6th Decile,7916.9,FALSE
Tarlac,Province,Region III (Central Luzon),2018,7th Decile,9239,FALSE
Tarlac,Province,Region III (Central Luzon),2018,8th Decile,10547.86,FALSE
Tarlac,Province,Region III (Central Luzon),2018,9th Decile,13060.01,FALSE
Tarlac,Province,Region III (Central Luzon),2018,All Income Groups,91533.05,FALSE
Tarlac,Province,Region III (Central Luzon),2021,10th Decile,24773.83,FALSE
Tarlac,Province,Region III (Central Luzon),2021,1st Decile,5397.04,FALSE
Tarlac,Province,Region III (Central Luzon),2021,2nd Decile,6497.31,FALSE
Tarlac,Province,Region III (Central Luzon),2021,3rd Decile,7184.48,FALSE
Tarlac,Province,Region III (Central Luzon),2021,4th Decile,8173.06,FALSE
Tarlac,Province,Region III (Central Luzon),2021,5th Decile,8117.4,FALSE
Tarlac,Province,Region III (Central Luzon),2021,6th Decile,9527.58,FALSE
Tarlac,Province,Region III (Central Luzon),2021,7th Decile,10801.66,FALSE
Tarlac,Province,Region III (Central Luzon),2021,8th Decile,12190.41,FALSE
Tarlac,Province,Region III (Central Luzon),2021,9th Decile,15315.64,FALSE
Tarlac,Province,Region III (Central Luzon),2021,All Income Groups,107978.41,FALSE
Tarlac,Province,Region III (Central Luzon),2023,10th Decile,27268.5,TRUE
Tarlac,Province,Region III (Central Luzon),2023,1st Decile,6617.01,TRUE
Tarlac,Province,Region III (Central Luzon),2023,2nd Decile,9334,TRUE
Tarlac,Province,Region III (Central Luzon),2023,3rd Decile,10067.02,TRUE
Tarlac,Province,Region III (Central Luzon),2023,4th Decile,10914.86,TRUE
Tarlac,Province,Region III (Central Luzon),2023,5th Decile,11876.29,TRUE
Tarlac,Province,Region III (Central Luzon),2023,6th Decile,12847.06,TRUE
Tarlac,Province,Region III (Central Luzon),2023,7th Decile,12848.77,TRUE
Tarlac,Province,Region III (Central Luzon),2023,8th Decile,14509.09,TRUE
Tarlac,Province,Region III (Central Luzon),2023,9th Decile,18206.08,TRUE
Tarlac,Province,Region III (Central Luzon),2023,All Income Groups,134488.68,TRUE
Zambales,Province,Region III (Central Luzon),2018,10th Decile,11264.34,FALSE
Zambales,Province,Region III (Central Luzon),2018,1st Decile,1936.71,FALSE
Zambales,Province,Region III (Central Luzon),2018,2nd Decile,2672.41,FALSE
Zambales,Province,Region III (Central Luzon),2018,3rd Decile,2950.4,FALSE
Zambales,Province,Region III (Central Luzon),2018,4th Decile,3119.7,FALSE
Zambales,Province,Region III (Central Luzon),2018,5th Decile,3333.45,FALSE
Zambales,Province,Region III (Central Luzon),2018,6th Decile,4066.04,FALSE
Zambales,Province,Region III (Central Luzon),2018,7th Decile,4757.47,FALSE
Zambales,Province,Region III (Central Luzon),2018,8th Decile,5337.52,FALSE
Zambales,Province,Region III (Central Luzon),2018,9th Decile,6511.52,FALSE
Zambales,Province,Region III (Central Luzon),2018,All Income Groups,45949.56,FALSE
Zambales,Province,Region III (Central Luzon),2021,10th Decile,9627.91,FALSE
Zambales,Province,Region III (Central Luzon),2021,1st Decile,2308.95,FALSE
Zambales,Province,Region III (Central Luzon),2021,2nd Decile,2522.44,FALSE
Zambales,Province,Region III (Central Luzon),2021,3rd Decile,2911.45,FALSE
Zambales,Province,Region III (Central Luzon),2021,4th Decile,3143.7,FALSE
Zambales,Province,Region III (Central Luzon),2021,5th Decile,3492.34,FALSE
Zambales,Province,Region III (Central Luzon),2021,6th Decile,3715.66,FALSE
Zambales,Province,Region III (Central Luzon),2021,7th Decile,4233.61,FALSE
Zambales,Province,Region III (Central Luzon),2021,8th Decile,4568.97,FALSE
Zambales,Province,Region III (Central Luzon),2021,9th Decile,6227.76,FALSE
Zambales,Province,Region III (Central Luzon),2021,All Income Groups,42752.79,FALSE
Zambales,Province,Region III (Central Luzon),2023,10th Decile,10483.62,TRUE
Zambales,Province,Region III (Central Luzon),2023,1st Decile,3028.96,TRUE
Zambales,Province,Region III (Central Luzon),2023,2nd Decile,3585.27,TRUE
Zambales,Province,Region III (Central Luzon),2023,3rd Decile,4008.02,TRUE
Zambales,Province,Region III (Central Luzon),2023,4th Decile,4321.68,TRUE
Zambales,Province,Region III (Central Luzon),2023,5th Decile,4762.56,TRUE
Zambales,Province,Region III (Central Luzon),2023,6th Decile,4842.27,TRUE
Zambales,Province,Region III (Central Luzon),2023,7th Decile,6020.65,TRUE
Zambales,Province,Region III (Central Luzon),2023,8th Decile,5964.7,TRUE
Zambales,Province,Region III (Central Luzon),2023,9th Decile,6981.47,TRUE
Zambales,Province,Region III (Central Luzon),2023,All Income Groups,53999.2,TRUE
Olongapo,Province,Region III (Central Luzon),2018,10th Decile,4717.99,FALSE
Olongapo,Province,Region III (Central Luzon),2018,1st Decile,1131.24,FALSE
Olongapo,Province,Region III (Central Luzon),2018,2nd Decile,1421.29,FALSE
Olongapo,Province,Region III (Central Luzon),2018,3rd Decile,1591.07,FALSE
Olongapo,Province,Region III (Central Luzon),2018,4th Decile,1578.96,FALSE
Olongapo,Province,Region III (Central Luzon),2018,5th Decile,1869.6,FALSE
Olongapo,Province,Region III (Central Luzon),2018,6th Decile,2193.13,FALSE
Olongapo,Province,Region III (Central Luzon),2018,7th Decile,2316.67,FALSE
Olongapo,Province,Region III (Central Luzon),2018,8th Decile,2603.01,FALSE
Olongapo,Province,Region III (Central Luzon),2018,9th Decile,2842.26,FALSE
Olongapo,Province,Region III (Central Luzon),2018,All Income Groups,22265.22,FALSE
Olongapo,Province,Region III (Central Luzon),2021,10th Decile,4045.72,FALSE
Olongapo,Province,Region III (Central Luzon),2021,1st Decile,1125.59,FALSE
Olongapo,Province,Region III (Central Luzon),2021,2nd Decile,1364.91,FALSE
Olongapo,Province,Region III (Central Luzon),2021,3rd Decile,1498.35,FALSE
Olongapo,Province,Region III (Central Luzon),2021,4th Decile,1620.3,FALSE
Olongapo,Province,Region III (Central Luzon),2021,5th Decile,1906.31,FALSE
Olongapo,Province,Region III (Central Luzon),2021,6th Decile,1918.49,FALSE
Olongapo,Province,Region III (Central Luzon),2021,7th Decile,2229.36,FALSE
Olongapo,Province,Region III (Central Luzon),2021,8th Decile,2370.3,FALSE
Olongapo,Province,Region III (Central Luzon),2021,9th Decile,2571.14,FALSE
Olongapo,Province,Region III (Central Luzon),2021,All Income Groups,20650.47,FALSE
Olongapo,Province,Region III (Central Luzon),2023,10th Decile,4949.24,TRUE
Olongapo,Province,Region III (Central Luzon),2023,1st Decile,1275.6,TRUE
Olongapo,Province,Region III (Central Luzon),2023,2nd Decile,1597.58,TRUE
Olongapo,Province,Region III (Central Luzon),2023,3rd Decile,1722.11,TRUE
Olongapo,Province,Region III (Central Luzon),2023,4th Decile,2085.23,TRUE
Olongapo,Province,Region III (Central Luzon),2023,5th Decile,2162.14,TRUE
Olongapo,Province,Region III (Central Luzon),2023,6th Decile,2230.99,TRUE
Olongapo,Province,Region III (Central Luzon),2023,7th Decile,2552.52,TRUE
Olongapo,Province,Region III (Central Luzon),2023,8th Decile,2554.26,TRUE
Olongapo,Province,Region III (Central Luzon),2023,9th Decile,3106.78,TRUE
Olongapo,Province,Region III (Central Luzon),2023,All Income Groups,24236.46,TRUE
Batangas,Province,Region IV-A (CALABARZON),2018,10th Decile,63447.48,FALSE
Batangas,Province,Region IV-A (CALABARZON),2018,1st Decile,10695.71,FALSE
Batangas,Province,Region IV-A (CALABARZON),2018,2nd Decile,12515.48,FALSE
Batangas,Province,Region IV-A (CALABARZON),2018,3rd Decile,15720.82,FALSE
Batangas,Province,Region IV-A (CALABARZON),2018,4th Decile,16173.37,FALSE
Batangas,Province,Region IV-A (CALABARZON),2018,5th Decile,19888.3,FALSE
Batangas,Province,Region IV-A (CALABARZON),2018,6th Decile,21272.83,FALSE
Batangas,Province,Region IV-A (CALABARZON),2018,7th Decile,22652.89,FALSE
Batangas,Province,Region IV-A (CALABARZON),2018,8th Decile,27584.76,FALSE
Batangas,Province,Region IV-A (CALABARZON),2018,9th Decile,35574.04,FALSE
Batangas,Province,Region IV-A (CALABARZON),2018,All Income Groups,245525.68,FALSE
Batangas,Province,Region IV-A (CALABARZON),2021,10th Decile,61097.96,FALSE
Batangas,Province,Region IV-A (CALABARZON),2021,1st Decile,13491.75,FALSE
Batangas,Province,Region IV-A (CALABARZON),2021,2nd Decile,15926.96,FALSE
Batangas,Province,Region IV-A (CALABARZON),2021,3rd Decile,18281.64,FALSE
Batangas,Province,Region IV-A (CALABARZON),2021,4th Decile,19775.34,FALSE
Batangas,Province,Region IV-A (CALABARZON),2021,5th Decile,20659.39,FALSE
Batangas,Province,Region IV-A (CALABARZON),2021,6th Decile,25011.22,FALSE
Batangas,Province,Region IV-A (CALABARZON),2021,7th Decile,26880.54,FALSE
Batangas,Province,Region IV-A (CALABARZON),2021,8th Decile,34258.81,FALSE
Batangas,Province,Region IV-A (CALABARZON),2021,9th Decile,34933.99,FALSE
Batangas,Province,Region IV-A (CALABARZON),2021,All Income Groups,270317.58,FALSE
Batangas,Province,Region IV-A (CALABARZON),2023,10th Decile,76706.73,TRUE
Batangas,Province,Region IV-A (CALABARZON),2023,1st Decile,15812.56,TRUE
Batangas,Province,Region IV-A (CALABARZON),2023,2nd Decile,18803.46,TRUE
Batangas,Province,Region IV-A (CALABARZON),2023,3rd Decile,21804.79,TRUE
Batangas,Province,Region IV-A (CALABARZON),2023,4th Decile,24124.34,TRUE
Batangas,Province,Region IV-A (CALABARZON),2023,5th Decile,27332.17,TRUE
Batangas,Province,Region IV-A (CALABARZON),2023,6th Decile,28811.43,TRUE
Batangas,Province,Region IV-A (CALABARZON),2023,7th Decile,31639.43,TRUE
Batangas,Province,Region IV-A (CALABARZON),2023,8th Decile,37867.52,TRUE
Batangas,Province,Region IV-A (CALABARZON),2023,9th Decile,44228.13,TRUE
Batangas,Province,Region IV-A (CALABARZON),2023,All Income Groups,327130.55,TRUE
Cavite,Province,Region IV-A (CALABARZON),2018,10th Decile,83899.16,FALSE
Cavite,Province,Region IV-A (CALABARZON),2018,1st Decile,16117.17,FALSE
Cavite,Province,Region IV-A (CALABARZON),2018,2nd Decile,23321.84,FALSE
Cavite,Province,Region IV-A (CALABARZON),2018,3rd Decile,26593.72,FALSE
Cavite,Province,Region IV-A (CALABARZON),2018,4th Decile,27944.31,FALSE
Cavite,Province,Region IV-A (CALABARZON),2018,5th Decile,31693.93,FALSE
Cavite,Province,Region IV-A (CALABARZON),2018,6th Decile,38671.54,FALSE
Cavite,Province,Region IV-A (CALABARZON),2018,7th Decile,39938.19,FALSE
Cavite,Province,Region IV-A (CALABARZON),2018,8th Decile,48075.92,FALSE
Cavite,Province,Region IV-A (CALABARZON),2018,9th Decile,55236.85,FALSE
Cavite,Province,Region IV-A (CALABARZON),2018,All Income Groups,391492.64,FALSE
Cavite,Province,Region IV-A (CALABARZON),2021,10th Decile,100082.52,FALSE
Cavite,Province,Region IV-A (CALABARZON),2021,1st Decile,18926.84,FALSE
Cavite,Province,Region IV-A (CALABARZON),2021,2nd Decile,24877.93,FALSE
Cavite,Province,Region IV-A (CALABARZON),2021,3rd Decile,29622.38,FALSE
Cavite,Province,Region IV-A (CALABARZON),2021,4th Decile,32946,FALSE
Cavite,Province,Region IV-A (CALABARZON),2021,5th Decile,36300.78,FALSE
Cavite,Province,Region IV-A (CALABARZON),2021,6th Decile,38078.24,FALSE
Cavite,Province,Region IV-A (CALABARZON),2021,7th Decile,43195.63,FALSE
Cavite,Province,Region IV-A (CALABARZON),2021,8th Decile,46207.2,FALSE
Cavite,Province,Region IV-A (CALABARZON),2021,9th Decile,56578.75,FALSE
Cavite,Province,Region IV-A (CALABARZON),2021,All Income Groups,426816.26,FALSE
Cavite,Province,Region IV-A (CALABARZON),2023,10th Decile,110395.01,TRUE
Cavite,Province,Region IV-A (CALABARZON),2023,1st Decile,25575.28,TRUE
Cavite,Province,Region IV-A (CALABARZON),2023,2nd Decile,33277.06,TRUE
Cavite,Province,Region IV-A (CALABARZON),2023,3rd Decile,35966.51,TRUE
Cavite,Province,Region IV-A (CALABARZON),2023,4th Decile,39130.95,TRUE
Cavite,Province,Region IV-A (CALABARZON),2023,5th Decile,44609.95,TRUE
Cavite,Province,Region IV-A (CALABARZON),2023,6th Decile,51832.31,TRUE
Cavite,Province,Region IV-A (CALABARZON),2023,7th Decile,52854.2,TRUE
Cavite,Province,Region IV-A (CALABARZON),2023,8th Decile,57280.39,TRUE
Cavite,Province,Region IV-A (CALABARZON),2023,9th Decile,76099.32,TRUE
Cavite,Province,Region IV-A (CALABARZON),2023,All Income Groups,527020.97,TRUE
Laguna,Province,Region IV-A (CALABARZON),2018,10th Decile,82422.04,FALSE
Laguna,Province,Region IV-A (CALABARZON),2018,1st Decile,13051.98,FALSE
Laguna,Province,Region IV-A (CALABARZON),2018,2nd Decile,18221.79,FALSE
Laguna,Province,Region IV-A (CALABARZON),2018,3rd Decile,20325.42,FALSE
Laguna,Province,Region IV-A (CALABARZON),2018,4th Decile,25085.78,FALSE
Laguna,Province,Region IV-A (CALABARZON),2018,5th Decile,27496.58,FALSE
Laguna,Province,Region IV-A (CALABARZON),2018,6th Decile,30374.5,FALSE
Laguna,Province,Region IV-A (CALABARZON),2018,7th Decile,34663.55,FALSE
Laguna,Province,Region IV-A (CALABARZON),2018,8th Decile,42149.4,FALSE
Laguna,Province,Region IV-A (CALABARZON),2018,9th Decile,50780.31,FALSE
Laguna,Province,Region IV-A (CALABARZON),2018,All Income Groups,344571.35,FALSE
Laguna,Province,Region IV-A (CALABARZON),2021,10th Decile,69829.63,FALSE
Laguna,Province,Region IV-A (CALABARZON),2021,1st Decile,14014.76,FALSE
Laguna,Province,Region IV-A (CALABARZON),2021,2nd Decile,18402.11,FALSE
Laguna,Province,Region IV-A (CALABARZON),2021,3rd Decile,22174.15,FALSE
Laguna,Province,Region IV-A (CALABARZON),2021,4th Decile,24572.53,FALSE
Laguna,Province,Region IV-A (CALABARZON),2021,5th Decile,26591.21,FALSE
Laguna,Province,Region IV-A (CALABARZON),2021,6th Decile,30778.49,FALSE
Laguna,Province,Region IV-A (CALABARZON),2021,7th Decile,35469.85,FALSE
Laguna,Province,Region IV-A (CALABARZON),2021,8th Decile,39439.6,FALSE
Laguna,Province,Region IV-A (CALABARZON),2021,9th Decile,45302,FALSE
Laguna,Province,Region IV-A (CALABARZON),2021,All Income Groups,326574.32,FALSE
Laguna,Province,Region IV-A (CALABARZON),2023,10th Decile,102337.19,TRUE
Laguna,Province,Region IV-A (CALABARZON),2023,1st Decile,20268.14,TRUE
Laguna,Province,Region IV-A (CALABARZON),2023,2nd Decile,25889.19,TRUE
Laguna,Province,Region IV-A (CALABARZON),2023,3rd Decile,28537.96,TRUE
Laguna,Province,Region IV-A (CALABARZON),2023,4th Decile,32799.71,TRUE
Laguna,Province,Region IV-A (CALABARZON),2023,5th Decile,35510.49,TRUE
Laguna,Province,Region IV-A (CALABARZON),2023,6th Decile,42435.89,TRUE
Laguna,Province,Region IV-A (CALABARZON),2023,7th Decile,43380.88,TRUE
Laguna,Province,Region IV-A (CALABARZON),2023,8th Decile,51280.57,TRUE
Laguna,Province,Region IV-A (CALABARZON),2023,9th Decile,58380.15,TRUE
Laguna,Province,Region IV-A (CALABARZON),2023,All Income Groups,440820.18,TRUE
Quezon,Province,Region IV-A (CALABARZON),2018,10th Decile,28573.92,FALSE
Quezon,Province,Region IV-A (CALABARZON),2018,1st Decile,4739.06,FALSE
Quezon,Province,Region IV-A (CALABARZON),2018,2nd Decile,5987.2,FALSE
Quezon,Province,Region IV-A (CALABARZON),2018,3rd Decile,6970.13,FALSE
Quezon,Province,Region IV-A (CALABARZON),2018,4th Decile,7203.8,FALSE
Quezon,Province,Region IV-A (CALABARZON),2018,5th Decile,8103.12,FALSE
Quezon,Province,Region IV-A (CALABARZON),2018,6th Decile,8451.44,FALSE
Quezon,Province,Region IV-A (CALABARZON),2018,7th Decile,9884.88,FALSE
Quezon,Province,Region IV-A (CALABARZON),2018,8th Decile,11712.3,FALSE
Quezon,Province,Region IV-A (CALABARZON),2018,9th Decile,14244.78,FALSE
Quezon,Province,Region IV-A (CALABARZON),2018,All Income Groups,105870.62,FALSE
Quezon,Province,Region IV-A (CALABARZON),2021,10th Decile,27950.32,FALSE
Quezon,Province,Region IV-A (CALABARZON),2021,1st Decile,4796.6,FALSE
Quezon,Province,Region IV-A (CALABARZON),2021,2nd Decile,6300.99,FALSE
Quezon,Province,Region IV-A (CALABARZON),2021,3rd Decile,6944.43,FALSE
Quezon,Province,Region IV-A (CALABARZON),2021,4th Decile,7537.52,FALSE
Quezon,Province,Region IV-A (CALABARZON),2021,5th Decile,7933.01,FALSE
Quezon,Province,Region IV-A (CALABARZON),2021,6th Decile,8672.98,FALSE
Quezon,Province,Region IV-A (CALABARZON),2021,7th Decile,10094.18,FALSE
Quezon,Province,Region IV-A (CALABARZON),2021,8th Decile,11324.58,FALSE
Quezon,Province,Region IV-A (CALABARZON),2021,9th Decile,14262.63,FALSE
Quezon,Province,Region IV-A (CALABARZON),2021,All Income Groups,105817.25,FALSE
Quezon,Province,Region IV-A (CALABARZON),2023,10th Decile,28906.68,TRUE
Quezon,Province,Region IV-A (CALABARZON),2023,1st Decile,7148.38,TRUE
Quezon,Province,Region IV-A (CALABARZON),2023,2nd Decile,8407.99,TRUE
Quezon,Province,Region IV-A (CALABARZON),2023,3rd Decile,8616.78,TRUE
Quezon,Province,Region IV-A (CALABARZON),2023,4th Decile,9397.29,TRUE
Quezon,Province,Region IV-A (CALABARZON),2023,5th Decile,9531.77,TRUE
Quezon,Province,Region IV-A (CALABARZON),2023,6th Decile,10208.91,TRUE
Quezon,Province,Region IV-A (CALABARZON),2023,7th Decile,11630.54,TRUE
Quezon,Province,Region IV-A (CALABARZON),2023,8th Decile,13607.76,TRUE
Quezon,Province,Region IV-A (CALABARZON),2023,9th Decile,14819.26,TRUE
Quezon,Province,Region IV-A (CALABARZON),2023,All Income Groups,122275.35,TRUE
Lucena,Province,Region IV-A (CALABARZON),2018,10th Decile,5318.08,FALSE
Lucena,Province,Region IV-A (CALABARZON),2018,1st Decile,1043.15,FALSE
Lucena,Province,Region IV-A (CALABARZON),2018,2nd Decile,1219.79,FALSE
Lucena,Province,Region IV-A (CALABARZON),2018,3rd Decile,1579.76,FALSE
Lucena,Province,Region IV-A (CALABARZON),2018,4th Decile,1538.79,FALSE
Lucena,Province,Region IV-A (CALABARZON),2018,5th Decile,1770.62,FALSE
Lucena,Province,Region IV-A (CALABARZON),2018,6th Decile,1890.71,FALSE
Lucena,Province,Region IV-A (CALABARZON),2018,7th Decile,2131.37,FALSE
Lucena,Province,Region IV-A (CALABARZON),2018,8th Decile,3033.83,FALSE
Lucena,Province,Region IV-A (CALABARZON),2018,9th Decile,3538.47,FALSE
Lucena,Province,Region IV-A (CALABARZON),2018,All Income Groups,23064.57,FALSE
Lucena,Province,Region IV-A (CALABARZON),2021,10th Decile,5791.72,FALSE
Lucena,Province,Region IV-A (CALABARZON),2021,1st Decile,1039.3,FALSE
Lucena,Province,Region IV-A (CALABARZON),2021,2nd Decile,1312.24,FALSE
Lucena,Province,Region IV-A (CALABARZON),2021,3rd Decile,1291.04,FALSE
Lucena,Province,Region IV-A (CALABARZON),2021,4th Decile,1492.04,FALSE
Lucena,Province,Region IV-A (CALABARZON),2021,5th Decile,1644.74,FALSE
Lucena,Province,Region IV-A (CALABARZON),2021,6th Decile,1932.87,FALSE
Lucena,Province,Region IV-A (CALABARZON),2021,7th Decile,2112.32,FALSE
Lucena,Province,Region IV-A (CALABARZON),2021,8th Decile,2467.61,FALSE
Lucena,Province,Region IV-A (CALABARZON),2021,9th Decile,2859.45,FALSE
Lucena,Province,Region IV-A (CALABARZON),2021,All Income Groups,21943.32,FALSE
Lucena,Province,Region IV-A (CALABARZON),2023,10th Decile,5282.6,TRUE
Lucena,Province,Region IV-A (CALABARZON),2023,1st Decile,1390.04,TRUE
Lucena,Province,Region IV-A (CALABARZON),2023,2nd Decile,1629.41,TRUE
Lucena,Province,Region IV-A (CALABARZON),2023,3rd Decile,1743.22,TRUE
Lucena,Province,Region IV-A (CALABARZON),2023,4th Decile,1899.58,TRUE
Lucena,Province,Region IV-A (CALABARZON),2023,5th Decile,2115.9,TRUE
Lucena,Province,Region IV-A (CALABARZON),2023,6th Decile,2304.01,TRUE
Lucena,Province,Region IV-A (CALABARZON),2023,7th Decile,2439.65,TRUE
Lucena,Province,Region IV-A (CALABARZON),2023,8th Decile,2532.32,TRUE
Lucena,Province,Region IV-A (CALABARZON),2023,9th Decile,3439.64,TRUE
Lucena,Province,Region IV-A (CALABARZON),2023,All Income Groups,24776.36,TRUE
Rizal,Province,Region IV-A (CALABARZON),2018,10th Decile,90025.73,FALSE
Rizal,Province,Region IV-A (CALABARZON),2018,1st Decile,13703.73,FALSE
Rizal,Province,Region IV-A (CALABARZON),2018,2nd Decile,18250.45,FALSE
Rizal,Province,Region IV-A (CALABARZON),2018,3rd Decile,20804.79,FALSE
Rizal,Province,Region IV-A (CALABARZON),2018,4th Decile,22669.76,FALSE
Rizal,Province,Region IV-A (CALABARZON),2018,5th Decile,25312.35,FALSE
Rizal,Province,Region IV-A (CALABARZON),2018,6th Decile,29400.4,FALSE
Rizal,Province,Region IV-A (CALABARZON),2018,7th Decile,31899.29,FALSE
Rizal,Province,Region IV-A (CALABARZON),2018,8th Decile,35762.28,FALSE
Rizal,Province,Region IV-A (CALABARZON),2018,9th Decile,46075.02,FALSE
Rizal,Province,Region IV-A (CALABARZON),2018,All Income Groups,333903.8,FALSE
Rizal,Province,Region IV-A (CALABARZON),2021,10th Decile,78266.59,FALSE
Rizal,Province,Region IV-A (CALABARZON),2021,1st Decile,15356.55,FALSE
Rizal,Province,Region IV-A (CALABARZON),2021,2nd Decile,18889.84,FALSE
Rizal,Province,Region IV-A (CALABARZON),2021,3rd Decile,21328.7,FALSE
Rizal,Province,Region IV-A (CALABARZON),2021,4th Decile,23396.67,FALSE
Rizal,Province,Region IV-A (CALABARZON),2021,5th Decile,26240.96,FALSE
Rizal,Province,Region IV-A (CALABARZON),2021,6th Decile,27043.22,FALSE
Rizal,Province,Region IV-A (CALABARZON),2021,7th Decile,32114.31,FALSE
Rizal,Province,Region IV-A (CALABARZON),2021,8th Decile,34946.29,FALSE
Rizal,Province,Region IV-A (CALABARZON),2021,9th Decile,44667.49,FALSE
Rizal,Province,Region IV-A (CALABARZON),2021,All Income Groups,322250.62,FALSE
Rizal,Province,Region IV-A (CALABARZON),2023,10th Decile,107718.31,TRUE
Rizal,Province,Region IV-A (CALABARZON),2023,1st Decile,16888.04,TRUE
Rizal,Province,Region IV-A (CALABARZON),2023,2nd Decile,20830.74,TRUE
Rizal,Province,Region IV-A (CALABARZON),2023,3rd Decile,24165.49,TRUE
Rizal,Province,Region IV-A (CALABARZON),2023,4th Decile,27081.26,TRUE
Rizal,Province,Region IV-A (CALABARZON),2023,5th Decile,28256.09,TRUE
Rizal,Province,Region IV-A (CALABARZON),2023,6th Decile,31842.8,TRUE
Rizal,Province,Region IV-A (CALABARZON),2023,7th Decile,40224.12,TRUE
Rizal,Province,Region IV-A (CALABARZON),2023,8th Decile,44402.91,TRUE
Rizal,Province,Region IV-A (CALABARZON),2023,9th Decile,52516.61,TRUE
Rizal,Province,Region IV-A (CALABARZON),2023,All Income Groups,393926.36,TRUE
