Region,Area_display,Area_slug,price,price_per_sqm_floor,price_per_sqm_land,bedrooms,bathrooms,floor_area,land_area,latitude,longitude,description,location
Region III (Central Luzon),Tarlac,tarlac,7810000,78100.0,71000.0,5.0,3.0,100.0,110.0,,,5BR 2-Storey House and Lot for Sale in Tarlac City at Camella Tarlac | Ella 110sqm,"Camella Tarlac Access Rd. Maliwalo, Tarlac"
NCR,Muntinlupa,muntinlupa,28650000,130642.9549,318333.3333,3.0,3.0,219.3,90.0,14.4270005,121.0452782,"3BR 3-Storey Townhouse for Sale near Alabang in Likha Residences, Muntinlupa | End Unit (Garden Unit)","Km. 19 West Service Rd. Cupang, Muntinlupa"
Region III (Central Luzon),Tarlac,tarlac,5251000,99075.4717,59670.45455,2.0,2.0,53.0,88.0,,,For Sale 2BR 2-Storey House and Lot in Tarlac City at Camella Tarlac | Bella 88sqm,"Camella Tarlac Access Rd. Maliwalo, Tarlac"
Region III (Central Luzon),Tarlac,tarlac,11757000,70825.3012,66801.13636,5.0,3.0,166.0,176.0,,,5BR 2-Storey House and Lot for Sale in Tarlac City at Camella Tarlac | Greta w/ CB 176sqm,"Camella Tarlac Access Rd. Maliwalo, Tarlac"
NCR,Muntinlupa,muntinlupa,32342000,130727.5667,347763.4409,3.0,3.0,247.4,93.0,14.4378843,121.0503212,Likha Residences | Pre-selling 3BR 3-Storey Townhouse for Sale near Alabang in Muntinlupa | Typical Unit,"Cupang, Muntinlupa"
NCR,Muntinlupa,muntinlupa,26393000,120351.1172,290032.967,3.0,3.0,219.3,91.0,14.4270005,121.0452782,"3BR 3-Storey Townhouse for Sale near Alabang in Likha Residences, Muntinlupa | End Unit (Garden Unit)","Km. 19 West Service Rd. Cupang, Muntinlupa"
NCR,Muntinlupa,muntinlupa,32184000,130088.9248,349826.087,3.0,3.0,247.4,92.0,14.4270005,121.0452782,"3BR 3-Storey Townhouse for Sale near Alabang in Likha Residences, Muntinlupa | Typical Unit","Km. 19 West Service Rd. Cupang, Muntinlupa"
NCR,Muntinlupa,muntinlupa,13500000,96428.57143,56250.0,3.0,2.0,140.0,240.0,,,"Single Detached House for Sale near EVIA and MCX, Muntinlupa","Victoria South Alabang Tunasan, Muntinlupa"
NCR,Muntinlupa,muntinlupa,31706000,128156.831,344630.4348,3.0,3.0,247.4,92.0,14.4270005,121.0452782,"Pre-selling 3BR 3-Storey Townhouse for Sale near Alabang in Likha Residences, Muntinlupa | Unit Facing Clubhouse","Km. 19 West Service Rd. Cupang, Muntinlupa"
NCR,Muntinlupa,muntinlupa,28804000,131345.1892,316527.4725,3.0,3.0,219.3,91.0,14.4270005,121.0452782,"3BR 3-Storey Townhouse for Sale near Alabang in Likha Residences, Muntinlupa | End Unit (Garden Unit)","Km. 19 West Service Rd. Cupang, Muntinlupa"
NCR,Muntinlupa,muntinlupa,28678000,130770.6338,315142.8571,3.0,3.0,219.3,91.0,14.4270005,121.0452782,"3BR 3-Storey Townhouse for Sale near Alabang in Likha Residences, Muntinlupa | End Unit (Garden Unit)","Km. 19 West Service Rd. Cupang, Muntinlupa"
NCR,Muntinlupa,muntinlupa,27676000,126201.5504,304131.8681,3.0,3.0,219.3,91.0,14.4270005,121.0452782,"3BR 3-Storey Townhouse for Sale near Alabang in Likha Residences, Muntinlupa | End Unit (Garden Unit)","Km. 19 West Service Rd. Cupang, Muntinlupa"
Region III (Central Luzon),Tarlac,tarlac,10748000,64746.98795,75160.83916,5.0,3.0,166.0,143.0,,,RFO 5BR 2-Storey House and Lot for Sale in Tarlac City at Camella Tarlac | Greta w/ CB 143sqm,"Camella Tarlac Access Rd. Maliwalo, Tarlac"
NCR,Muntinlupa,muntinlupa,26365000,120223.4382,292944.4444,3.0,3.0,219.3,90.0,14.4270005,121.0452782,"3BR 3-Storey Townhouse for Sale near Alabang in Likha Residences, Muntinlupa | End Unit (Garden Unit)","Km. 19 West Service Rd. Cupang, Muntinlupa"
NCR,Muntinlupa,muntinlupa,28348000,129265.8459,269980.9524,3.0,3.0,219.3,105.0,14.4270005,121.0452782,"3BR 3-Storey Townhouse for Sale near Alabang in Likha Residences, Muntinlupa | Unit Facing Clubhouse (Garden Unit)","Km. 19 West Service Rd. Cupang, Muntinlupa"
Region III (Central Luzon),Tarlac,tarlac,5705000,107641.5094,57626.26263,2.0,2.0,53.0,99.0,,,2BR 2-Storey House and Lot for Sale in Tarlac City at Camella Tarlac | Bella 99sqm,"Camella Tarlac Access Rd. Maliwalo, Tarlac"
Region III (Central Luzon),Tarlac,tarlac,5174000,112478.2609,53895.83333,2.0,1.0,46.0,96.0,,,RFO 2BR 2-Storey House and Lot for Sale in Tarlac City at Camella Tarlac | Ezabelle Combo Lot 96sqm,"Camella Tarlac Access Rd. Maliwalo, Tarlac"
NCR,Muntinlupa,muntinlupa,28348000,129265.8459,269980.9524,3.0,3.0,219.3,105.0,14.4321626,121.0452418,"3BR 3-Storey Townhouse for Sale near Alabang in Likha Residences, Muntinlupa | Typical Unit (Garden Unit)","Km. 19 West Service Rd. Cupang, Muntinlupa"
Region III (Central Luzon),Tarlac,tarlac,4216700,24950.88757,23426.11111,,,169.0,180.0,15.3219543,120.5961487,"L-R-1-249- Acquired Property for Sale in Lot 8, Block 12, 7th Road, Sta. Monica Heights Subdivision, Phase 1, Brgy. San Rafael, Tarlac City, Tarlac - Retail","San Rafael, Tarlac"
NCR,Muntinlupa,muntinlupa,33792000,136588.5206,363354.8387,3.0,3.0,247.4,93.0,14.4321626,121.0452418,"3BR 3-Storey Townhouse for Sale near Alabang in Likha Residences, Muntinlupa | Typical Unit","Km. 19 West Service Rd. Cupang, Muntinlupa"
NCR,Muntinlupa,muntinlupa,32539000,131523.848,349881.7204,3.0,3.0,247.4,93.0,14.4321626,121.0452418,"Pre-selling 3BR 3-Storey Townhouse for Sale near Alabang in Likha Residences, Muntinlupa | Unit Facing Clubhouse","Km. 19 West Service Rd. Cupang, Muntinlupa"
NCR,Muntinlupa,muntinlupa,28776000,131217.5103,319733.3333,3.0,3.0,219.3,90.0,14.4321626,121.0452418,"3BR 3-Storey Townhouse for Sale near Alabang in Likha Residences, Muntinlupa | End Unit (Garden Unit)","Km. 19 West Service Rd. Cupang, Muntinlupa"
Region III (Central Luzon),Tarlac,tarlac,4872000,97440.0,55363.63636,2.0,1.0,50.0,88.0,,,2BR 2-Storey House and Lot for Sale in Tarlac City at Camella Tarlac | Frielle 88sqm,"Camella Tarlac Access Rd. Maliwalo, Tarlac"
Region III (Central Luzon),Tarlac,tarlac,6319000,95742.42424,63828.28283,3.0,2.0,66.0,99.0,,,3BR 2-Storey House and Lot for Sale in Tarlac City at Camella Tarlac | Cara w/ CB 99sqm,"Camella Tarlac Access Rd. Maliwalo, Tarlac"
Region III (Central Luzon),Tarlac,tarlac,4315000,93804.34783,59930.55556,2.0,1.0,46.0,72.0,,,RFO 2BR 2-Storey House and Lot for Sale in Tarlac City at Camella Tarlac | Marga 72sqm,"Camella Tarlac Access Rd. Maliwalo, Tarlac"
NCR,Muntinlupa,muntinlupa,28572000,130287.2777,277398.0583,3.0,3.0,219.3,103.0,14.4321626,121.0452418,"3BR 3-Storey Townhouse for Sale near Alabang in Likha Residences, Muntinlupa | Corner Unit Facing Clubhouse (Garden Unit)","Km. 19 West Service Rd. Cupang, Muntinlupa"
Region III (Central Luzon),Tarlac,tarlac,5776000,87515.15152,65636.36364,3.0,2.0,66.0,88.0,,,For Sale 3BR 2-Storey House and Lot in Tarlac City at Camella Tarlac | Cara 88sqm,"Camella Tarlac Access Rd. Maliwalo, Tarlac"
NCR,Muntinlupa,muntinlupa,31348000,126709.7817,340739.1304,3.0,3.0,247.4,92.0,14.4378843,121.0503212,Likha Residences | Pre-selling 3BR 3-Storey Townhouse for Sale near Alabang in Muntinlupa | Typical Unit,"Cupang, Muntinlupa"
NCR,Muntinlupa,muntinlupa,34016000,137493.9369,365763.4409,3.0,3.0,247.4,93.0,14.4321626,121.0452418,"3BR 3-Storey Townhouse for Sale near Alabang in Likha Residences, Muntinlupa | Unit Facing Clubhouse","Km. 19 West Service Rd. Cupang, Muntinlupa"
NCR,Muntinlupa,muntinlupa,28090000,128089.3753,312111.1111,3.0,3.0,219.3,90.0,14.4321626,121.0452418,"3BR 3-Storey Townhouse for Sale near Alabang in Likha Residences, Muntinlupa | Typical Unit (Garden Unit)","Km. 19 West Service Rd. Cupang, Muntinlupa"
NCR,Muntinlupa,muntinlupa,43000000,107500.0,122857.1429,4.0,3.0,400.0,350.0,14.4378843,121.0503212,"Beautiful House and Lot with 4BR for Sale in BF East Phase 6, Muntinlupa City","Cupang, Muntinlupa"
NCR,Muntinlupa,muntinlupa,13000000,59360.73059,108333.3333,4.0,2.0,219.0,120.0,,,4 Bedrooms Single House in Katarungan Village in Muntinlupa City,"DAANG HARI ALABANG Poblacion, Muntinlupa"
Region III (Central Luzon),Tarlac,tarlac,11245000,79190.14085,63892.04545,5.0,3.0,142.0,176.0,,,5BR 2-Storey House and Lot for Sale in Tarlac City at Camella Tarlac | Freya w/ CB 176sqm,"Camella Tarlac Access Rd. Maliwalo, Tarlac"
NCR,Muntinlupa,muntinlupa,27088000,123520.2918,300977.7778,3.0,3.0,219.3,90.0,14.4321626,121.0452418,"3BR 3-Storey Townhouse for Sale near Alabang in Likha Residences, Muntinlupa | Typical Unit (Garden Unit)","Km. 19 West Service Rd. Cupang, Muntinlupa"
NCR,Muntinlupa,muntinlupa,28216000,128663.9307,313511.1111,3.0,3.0,219.3,90.0,14.4321626,121.0452418,"3BR 3-Storey Townhouse for Sale near Alabang in Likha Residences, Muntinlupa | Typical Unit (Garden Unit)","Km. 19 West Service Rd. Cupang, Muntinlupa"
NCR,Muntinlupa,muntinlupa,31111000,125751.8189,338163.0435,3.0,3.0,247.4,92.0,14.4378843,121.0503212,Likha Residences | Pre-selling 3BR 3-Storey Townhouse for Sale near Alabang in Muntinlupa | Typical Unit,"Cupang, Muntinlupa"
NCR,Muntinlupa,muntinlupa,31111000,125751.8189,338163.0435,3.0,3.0,247.4,92.0,14.4321626,121.0452418,"Pre-selling 3BR 3-Storey Townhouse for Sale near Alabang in Likha Residences, Muntinlupa | Typical Unit","Km. 19 West Service Rd. Cupang, Muntinlupa"
NCR,Muntinlupa,muntinlupa,26953000,122904.6968,296186.8132,3.0,3.0,219.3,91.0,14.4321626,121.0452418,"3BR 3-Storey Townhouse for Sale near Alabang in Likha Residences, Muntinlupa | Corner Unit (Garden Unit)","Km. 19 West Service Rd. Cupang, Muntinlupa"
NCR,Muntinlupa,muntinlupa,32539000,131523.848,349881.7204,3.0,3.0,247.4,93.0,14.4378843,121.0503212,Likha Residences | Pre-selling 3BR 3-Storey Townhouse for Sale near Alabang in Muntinlupa | Unit Facing Clubhouse,"Cupang, Muntinlupa"
NCR,Muntinlupa,muntinlupa,34604000,139870.6548,368127.6596,3.0,3.0,247.4,94.0,14.4321626,121.0452418,"3BR 3-Storey Townhouse for Sale near Alabang in Likha Residences, Muntinlupa | Corner Unit","Km. 19 West Service Rd. Cupang, Muntinlupa"
NCR,Muntinlupa,muntinlupa,32568000,131641.0671,354000.0,3.0,3.0,247.4,92.0,14.4321626,121.0452418,"RFO 3BR 3-Storey Townhouse for Sale near Alabang in Likha Residences, Muntinlupa | Unit Facing Clubhouse","Km. 19 West Service Rd. Cupang, Muntinlupa"
Region III (Central Luzon),Tarlac,tarlac,8938000,92144.3299,61641.37931,5.0,3.0,97.0,145.0,,,RFO 5BR 2-Storey House and Lot for Sale in Tarlac City at Camella Tarlac | Elaisa w/ CB 145sqm,"Camella Tarlac Access Rd. Maliwalo, Tarlac"
Region III (Central Luzon),Tarlac,tarlac,7056000,85012.04819,71272.72727,4.0,3.0,83.0,99.0,,,4BR 2-Storey House and Lot for Sale in Tarlac City at Camella Tarlac | Dani 99sqm,"Camella Tarlac Access Rd. Maliwalo, Tarlac"
Region III (Central Luzon),Tarlac,tarlac,12383000,74596.38554,62540.40404,5.0,3.0,166.0,198.0,,,5BR 2-Storey House and Lot for Sale in Tarlac City at Camella Tarlac | Greta w/ CB 198sqm,"Camella Tarlac Access Rd. Maliwalo, Tarlac"
Region III (Central Luzon),Tarlac,tarlac,11510000,81056.33803,56980.19802,5.0,3.0,142.0,202.0,,,5BR 2-Storey House and Lot for Sale in Tarlac City at Camella Tarlac | Freya w/ CB 202sqm,"Camella Tarlac Access Rd. Maliwalo, Tarlac"
Region III (Central Luzon),Tarlac,tarlac,5406000,102000.0,61431.81818,2.0,2.0,53.0,88.0,,,2BR 2-Storey House and Lot for Sale in Tarlac City at Camella Tarlac | Bella 88sqm,"Camella Tarlac Access Rd. Maliwalo, Tarlac"
Region III (Central Luzon),Tarlac,tarlac,2742000,76166.66667,65285.71429,2.0,1.0,36.0,42.0,,,2BR 2-Storey Townhouse for Sale in Tarlac City at Camella Tarlac | Arielle IU 42sqm,"Camella Tarlac Access Rd. Maliwalo, Tarlac"
Region III (Central Luzon),Tarlac,tarlac,10159000,101590.0,57721.59091,5.0,3.0,100.0,176.0,,,5BR 2-Storey House and Lot for Sale in Tarlac City at Camella Tarlac | Ella w/ CB 176sqm,"Camella Tarlac Access Rd. Maliwalo, Tarlac"
Region III (Central Luzon),Tarlac,tarlac,8228000,82280.0,68000.0,5.0,3.0,100.0,121.0,,,5BR 2-Storey House and Lot for Sale in Tarlac City at Camella Tarlac | Ella w/ CB 121sqm,"Camella Tarlac Access Rd. Maliwalo, Tarlac"
Region III (Central Luzon),Tarlac,tarlac,2871000,79750.0,59812.5,2.0,1.0,36.0,48.0,,,2BR 2-Storey Townhouse for Sale in Tarlac City at Camella Tarlac | Arielle IU 48sqm,"Camella Tarlac Access Rd. Maliwalo, Tarlac"
Region III (Central Luzon),Tarlac,tarlac,3066000,85166.66667,48666.66667,2.0,1.0,36.0,63.0,,,2BR 2-Storey Townhouse for Sale in Tarlac City at Camella Tarlac | Arielle EU 63sqm,"Camella Tarlac Access Rd. Maliwalo, Tarlac"
Region III (Central Luzon),Tarlac,tarlac,5031000,100620.0,50818.18182,2.0,1.0,50.0,99.0,,,2BR 2-Storey House and Lot for Sale in Tarlac City at Camella Tarlac | Frielle 99sqm,"Camella Tarlac Access Rd. Maliwalo, Tarlac"
NCR,Muntinlupa,muntinlupa,31348000,126709.7817,340739.1304,3.0,3.0,247.4,92.0,14.4321626,121.0452418,"Pre-selling 3BR 3-Storey Townhouse for Sale near Alabang in Likha Residences, Muntinlupa | Typical Unit","Km. 19 West Service Rd. Cupang, Muntinlupa"
NCR,Muntinlupa,muntinlupa,32514000,131422.7971,353413.0435,3.0,3.0,247.4,92.0,14.4321626,121.0452418,"3BR 3-Storey Townhouse for Sale near Alabang in Likha Residences, Muntinlupa | Typical End Unit","Km. 19 West Service Rd. Cupang, Muntinlupa"
NCR,Muntinlupa,muntinlupa,32331000,130683.1043,343946.8085,3.0,3.0,247.4,94.0,14.4321626,121.0452418,"Pre-selling 3BR 3-Storey Townhouse for Sale near Alabang in Likha Residences, Muntinlupa | Corner Unit","Km. 19 West Service Rd. Cupang, Muntinlupa"
NCR,Muntinlupa,muntinlupa,32184000,130088.9248,349826.087,3.0,3.0,247.4,92.0,14.4321626,121.0452418,"RFO 3BR 3-Storey Townhouse for Sale near Alabang in Likha Residences, Muntinlupa | Typical Unit","Km. 19 West Service Rd. Cupang, Muntinlupa"
NCR,Muntinlupa,muntinlupa,32331000,130683.1043,343946.8085,3.0,3.0,247.4,94.0,14.4378843,121.0503212,Likha Residences | Pre-selling 3BR 3-Storey Townhouse for Sale near Alabang in Muntinlupa | Corner Unit,"Cupang, Muntinlupa"
NCR,Muntinlupa,muntinlupa,31706000,128156.831,344630.4348,3.0,3.0,247.4,92.0,14.4378843,121.0503212,Likha Residences | Pre-selling 3BR 3-Storey Townhouse for Sale near Alabang in Muntinlupa | Unit Facing Clubhouse,"Cupang, Muntinlupa"
NCR,Muntinlupa,muntinlupa,27676000,126201.5504,304131.8681,3.0,3.0,219.3,91.0,14.4321626,121.0452418,"3BR 3-Storey Townhouse for Sale near Alabang in Likha Residences, Muntinlupa | Corner Unit (Garden Unit)","Km. 19 West Service Rd. Cupang, Muntinlupa"
NCR,Muntinlupa,muntinlupa,29098000,132685.8185,274509.434,3.0,3.0,219.3,106.0,14.4321626,121.0452418,"3BR 3-Storey Townhouse for Sale near Alabang in Likha Residences, Muntinlupa | Typical End Unit (Garden Unit)","Km. 19 West Service Rd. Cupang, Muntinlupa"
Region III (Central Luzon),Tarlac,tarlac,11871000,83598.59155,59954.54545,5.0,3.0,142.0,198.0,,,5BR 2-Storey House and Lot for Sale in Tarlac City at Camella Tarlac | Freya w/ CB 198sqm,"Camella Tarlac Access Rd. Maliwalo, Tarlac"
Region III (Central Luzon),Tarlac,tarlac,6893000,83048.19277,66278.84615,4.0,3.0,83.0,104.0,,,4BR 2-Storey House and Lot for Sale in Tarlac City at Camella Tarlac | Dani 104sqm,"Camella Tarlac Access Rd. Maliwalo, Tarlac"
Region III (Central Luzon),Tarlac,tarlac,3999000,86934.78261,60590.90909,2.0,1.0,46.0,66.0,,,2BR 2-Storey House and Lot for Sale in Tarlac City at Camella Tarlac | Ezabelle 66sqm,"Camella Tarlac Access Rd. Maliwalo, Tarlac"
Region III (Central Luzon),Tarlac,tarlac,5192000,112869.5652,54083.33333,2.0,1.0,46.0,96.0,,,For Sale RFO 2BR 2-Storey House and Lot in Tarlac City at Camella Tarlac | Ezabelle Combo Lot 96sqm,"Camella Tarlac Access Rd. Maliwalo, Tarlac"
Region III (Central Luzon),Tarlac,tarlac,4488000,97565.21739,71238.09524,2.0,1.0,46.0,63.0,,,RFO 2BR 2-Storey House and Lot for Sale in Tarlac City at Camella Tarlac | Ezabelle 63sqm,"Camella Tarlac Access Rd. Maliwalo, Tarlac"
Region III (Central Luzon),Tarlac,tarlac,3559000,77369.56522,56492.06349,2.0,1.0,46.0,63.0,,,2BR 2-Storey House and Lot for Sale in Tarlac City at Camella Tarlac | Ezabelle 63sqm,"Camella Tarlac Access Rd. Maliwalo, Tarlac"
NCR,Muntinlupa,muntinlupa,26953000,122904.6968,296186.8132,3.0,3.0,219.3,91.0,14.4302736,121.0452586,"3BR 3-Storey Townhouse for Sale near Alabang in Likha Residences, Muntinlupa | End Unit (Garden Unit)","Km. 19 West Service Rd. Cupang, Muntinlupa"
NCR,Muntinlupa,muntinlupa,7110000,90000.0,,,,79.0,,14.4569804,121.0531587,"M-R-3-25- Acquired Property for Sale in Unit C, 18/F, Vierra Condominium (Now known as Marfori Tower), Brittany Bay (Lakefront), Brgy. Sucat, Muntinlupa City - Retail","Sucat, Muntinlupa"
NCR,Makati,makati,85000000,95505.61798,176531.6719,,,890.0,481.5,14.566261,121.0313853,"House and Lot for Sale in San Miguel Village, Poblacion, Makati City","Poblacion, Makati"
NCR,Muntinlupa,muntinlupa,28628000,130542.6357,272647.619,3.0,3.0,219.3,105.0,14.4302736,121.0452586,"3BR 3-Storey Townhouse for Sale near Alabang in Likha Residences, Muntinlupa | Unit Facing Clubhouse (Garden Unit)","Km. 19 West Service Rd. Cupang, Muntinlupa"
NCR,Muntinlupa,muntinlupa,29196000,133132.6949,278057.1429,3.0,3.0,219.3,105.0,14.4302736,121.0452586,"3BR 3-Storey Townhouse for Sale near Alabang in Likha Residences, Muntinlupa | End Unit (Garden Unit)","Km. 19 West Service Rd. Cupang, Muntinlupa"
NCR,Muntinlupa,muntinlupa,28636000,130579.1154,272723.8095,3.0,3.0,219.3,105.0,14.4302736,121.0452586,"3BR 3-Storey Townhouse for Sale near Alabang in Likha Residences, Muntinlupa | Typical Unit (Garden Unit)","Km. 19 West Service Rd. Cupang, Muntinlupa"
NCR,Muntinlupa,muntinlupa,26981000,123032.3757,293271.7391,3.0,3.0,219.3,92.0,14.4302736,121.0452586,"3BR 3-Storey Townhouse for Sale near Alabang in Likha Residences, Muntinlupa | End Unit (Garden Unit)","Km. 19 West Service Rd. Cupang, Muntinlupa"
Region III (Central Luzon),Tarlac,tarlac,7805000,94036.14458,64504.13223,4.0,3.0,83.0,121.0,,,4BR 2-Storey House and Lot for Sale in Tarlac City at Camella Tarlac | Dani w/ CB 121sqm,"Camella Tarlac Access Rd. Maliwalo, Tarlac"
Region III (Central Luzon),Tarlac,tarlac,4359000,94760.86957,60541.66667,2.0,1.0,46.0,72.0,,,RFO 2BR 2-Storey House and Lot for Sale in Tarlac City at Camella Tarlac | Ezabelle 72sqm,"Camella Tarlac Access Rd. Maliwalo, Tarlac"
Region III (Central Luzon),Tarlac,tarlac,4057000,101425.0,64396.8254,2.0,1.0,40.0,63.0,,,2BR 2-Storey House and Lot for Sale in Tarlac City at Camella Tarlac | Criselle 63sqm,"Camella Tarlac Access Rd. Maliwalo, Tarlac"
Region III (Central Luzon),Tarlac,tarlac,5869000,88924.24242,66693.18182,3.0,2.0,66.0,88.0,,,3BR 2-Storey House and Lot for Sale in Tarlac City at Camella Tarlac | Cara 88sqm,"Camella Tarlac Access Rd. Maliwalo, Tarlac"
Region III (Central Luzon),Tarlac,tarlac,8079000,95047.05882,66768.59504,4.0,3.0,85.0,121.0,,,RFO 4BR 2-Storey House and Lot for Sale in Tarlac City at Camella Tarlac | Dana 121sqm,"Camella Tarlac Access Rd. Maliwalo, Tarlac"
Region III (Central Luzon),Tarlac,tarlac,4944000,137333.3333,42991.30435,2.0,1.0,36.0,115.0,,,RFO 2BR 2-Storey Townhouse for Sale in Tarlac City at Camella Tarlac | Arielle EU 115sqm,"Camella Tarlac Access Rd. Maliwalo, Tarlac"
Region III (Central Luzon),Tarlac,tarlac,5074000,101480.0,55758.24176,2.0,1.0,50.0,91.0,,,RFO 2BR 2-Storey House and Lot for Sale in Tarlac City at Camella Tarlac | Frielle 91sqm,"Camella Tarlac Access Rd. Maliwalo, Tarlac"
Region III (Central Luzon),Tarlac,tarlac,12941000,77957.83133,54834.74576,5.0,3.0,166.0,236.0,,,5BR 2-Storey House and Lot for Sale in Tarlac City at Camella Tarlac | Greta w/ CB 236sqm,"Camella Tarlac Access Rd. Maliwalo, Tarlac"
Region III (Central Luzon),Tarlac,tarlac,4540000,126111.1111,46326.53061,2.0,1.0,36.0,98.0,,,2BR 2-Storey Townhouse for Sale in Tarlac City at Camella Tarlac | Arielle EU 98sqm,"Camella Tarlac Access Rd. Maliwalo, Tarlac"
NCR,San Juan,san juan,12099000,120990.0,60495.0,3.0,2.0,100.0,200.0,13.7425627,121.4257242,"3BR Beach House and Lot for Sale in San Juan, Batangas at Seafront Residences","San Juan - Laiya Rd. Calubcub II, San Juan"
NCR,San Juan,san juan,18771000,187710.0,93855.0,3.0,2.0,100.0,200.0,13.7425627,121.4257242,"Ready For You: 3BR Beach House and Lot for Sale in San Juan, Batangas at Seafront Residences at Php 250,815 monthly amortization","San Juan - Laiya Rd. Calubcub II, San Juan"
Region III (Central Luzon),Tarlac,tarlac,9683000,96830.0,65425.67568,5.0,3.0,100.0,148.0,,,RFO 5BR 2-Storey House and Lot for Sale in Tarlac City at Camella Tarlac | Ella 148sqm,"Camella Tarlac Access Rd. Maliwalo, Tarlac"
NCR,San Juan,san juan,15450000,103000.0,77250.0,4.0,3.0,150.0,200.0,13.7425627,121.4257242,"4BR Beach House and Lot for Sale in San Juan, Batangas at Seafront Residences","San Juan - Laiya Rd. Calubcub II, San Juan"
Region III (Central Luzon),Tarlac,tarlac,7408000,205777.7778,36136.58537,2.0,1.0,36.0,205.0,,,RFO 2BR 2-Storey Townhouse for Sale in Tarlac City at Camella Tarlac | Arielle EU 205sqm,"Camella Tarlac Access Rd. Maliwalo, Tarlac"
NCR,San Juan,san juan,30000000,89020.77151,96153.84615,3.0,3.0,337.0,312.0,13.7367475,121.420371,"Brand New 3 br Full furnished Beachhouse in San Juan, Laiya Batangas","Calubcub II, San Juan"
Region III (Central Luzon),Tarlac,tarlac,8229000,96811.76471,68008.26446,4.0,3.0,85.0,121.0,,,RFO 4BR 2-Storey House and Lot for Sale in Tarlac City at Camella Tarlac | Dana w/ CB 121sqm,"Camella Tarlac Access Rd. Maliwalo, Tarlac"
NCR,Quezon City,quezon city,18287829,103908.1193,231491.5063,3.0,3.0,176.0,79.0,14.7252015,121.043347,"Townhouse For Sale in The Alcove at Palmera Homes, Quezon City - Resort Style","Santa Monica, Quezon City"
Region III (Central Luzon),Tarlac,tarlac,6346000,96151.51515,61019.23077,3.0,2.0,66.0,104.0,,,3BR 2-Storey House and Lot for Sale in Tarlac City at Camella Tarlac | Cara w/ CB 104sqm,"Camella Tarlac Access Rd. Maliwalo, Tarlac"
NCR,Marikina,marikina,10900000,60555.55556,90833.33333,5.0,3.0,180.0,120.0,,,"For Sale Two (2) Storey Townhouse with Roofdeck in Cupang, Antipolo","21 Stirrup St., Rancho Estate 2 Subd., Cupang, Antipolo City Concepcion Dos, Marikina"
Region III (Central Luzon),Tarlac,tarlac,7201000,86759.03614,65463.63636,4.0,3.0,83.0,110.0,,,4BR 2-Storey House and Lot for Sale in Tarlac City at Camella Tarlac | Dani w/ CB 110sqm,"Camella Tarlac Access Rd. Maliwalo, Tarlac"
NCR,Muntinlupa,muntinlupa,16884800,86588.71795,70353.33333,5.0,3.0,195.0,240.0,14.3801129,121.0514828,For sale Preselling 2 Storey Modern Samantha 5 Bedrooms House in Muntinlupa,"Tunasan, Muntinlupa"
Region III (Central Luzon),Tarlac,tarlac,3900000,97500.0,59090.90909,2.0,1.0,40.0,66.0,,,2BR 2-Storey House and Lot for Sale in Tarlac City at Camella Tarlac | Criselle 66sqm,"Camella Tarlac Access Rd. Maliwalo, Tarlac"
NCR,Muntinlupa,muntinlupa,10840000,77428.57143,45166.66667,3.0,3.0,140.0,240.0,14.4185637,121.0447216,"Affordable House and Lot For Sale near Ayala Alabang, Muntinlupa City","Alabang, Muntinlupa"
NCR,Makati,makati,78000000,260000.0,240000.0,4.0,2.0,300.0,325.0,14.56726465,121.0255189,San Miguel Village Makati City 4 Bedroom House and Lot for Sale,"San Miguel Village, Makati"
NCR,Quezon City,quezon city,45000000,75000.0,75000.0,6.0,6.0,600.0,600.0,14.7158481,121.0590995,"Gorgeous House and Lot For Sale in Fairview, Quezon City, Metro Manila","Neopolitan, Fairview, Quezon City Fairview, Quezon City"
NCR,Taguig,taguig,55000000,134146.3415,275000.0,4.0,4.0,410.0,200.0,14.52716115,121.0397711,FOR SALE: Brand New Premium Duplex Near Bonifacio Global City,"Afpovai, Western Bicutan, Taguig City Western Bicutan, Taguig"
NCR,Quezon City,quezon city,85000000,179324.8945,189732.1429,4.0,5.0,474.0,448.0,14.6716797,121.0745345,"Newly Renovated House and Lot in Capitol Hills Golf Subdivision, Quezon City","Matandang Balara, Quezon City"
NCR,Quezon City,quezon city,35530000,176766.1692,341634.6154,3.0,4.0,201.0,104.0,14.6361294,121.0335841,Townhouse in Scout Area,"Scout Area Diliman, Quezon City"
NCR,Caloocan,caloocan,4500000,58441.55844,56250.0,3.0,2.0,77.0,80.0,14.7325955,121.0124192,"House for Sale in Llano Subdivision, Caloocan City","Llano Road Llano, Caloocan"
NCR,Quezon City,quezon city,42500000,85000.0,337301.5873,5.0,5.0,500.0,126.0,14.6361294,121.0335841,"For Sale: 5 Bedroom Townhouse Unit in West Avenue, Quezon City","Diliman, Quezon City"
NCR,Quezon City,quezon city,19495000,62483.97436,207393.617,5.0,4.0,312.0,94.0,,,Exclusive House and Lot for Sale at Brizlane Residences Tandang Sora Quezon City,"Cenacle Rd, 1128 Quezon City, Philippines Culiat, Quezon City"
NCR,Taguig,taguig,35000000,112903.2258,333333.3333,4.0,2.0,310.0,105.0,14.525747,121.0729149,"For Sale 4 Bedroom Townhouse with Roof Deck in Mahogany Place 3, Taguig City","Bambang, Taguig"
NCR,Valenzuela,valenzuela,9200000,76666.66667,141538.4615,3.0,3.0,120.0,65.0,,,House and Lot For Sale in Marulas Valenzuela,"A. Ponciano St, 1441 Valenzuela, Philippines Marulas, Valenzuela"
NCR,Caloocan,caloocan,4500000,46875.0,,3.0,1.0,96.0,,14.651348,120.9724002,House and Lot for Sale,Caloocan
NCR,Quezon City,quezon city,5710000,49224.13793,132790.6977,3.0,3.0,116.0,43.0,14.7055228,121.0742821,"3-Storey Townhouse For Sale in North Olympus Subdivision, Quezon City","Fairview, Quezon City"
NCR,Quezon City,quezon city,98000000,280000.0,98000.0,6.0,5.0,350.0,1000.0,14.6410904,121.0737779,"For Sale: 6 Bedroom House & Lot in Varsity Hills at Loyola Heights, Quezon City","Loyola Heights, Quezon City"
NCR,Quezon City,quezon city,85000000,141666.6667,144804.0886,4.0,5.0,600.0,587.0,14.6716797,121.0745345,For Sale: Well-maintained 2-Storey House with pool at Loyola Grand Villas,"Matandang Balara, Quezon City"
NCR,Quezon City,quezon city,13000000,76470.58824,216666.6667,5.0,4.0,170.0,60.0,14.627544,121.0390617,Kamuning (Area in Quezon City) Townhouse 5 Bedroom 3 Storey For Sale,"Kamuning, Quezon City"
NCR,Quezon City,quezon city,12500000,89285.71429,160256.4103,4.0,4.0,140.0,78.0,14.6679617,121.0565912,"For sale House in La Verandilla Homes, congressional Ave Ext., Quezon City","Culiat, Quezon City"
NCR,Valenzuela,valenzuela,9500000,79166.66667,158333.3333,5.0,4.0,120.0,60.0,,,"House For Sale in Malinta, Valenzuela City","Maple St., St. Jude Subd., Malinta, 1440 Valenzuela, Philippines Malinta, Valenzuela"
NCR,Pasig,pasig,45000000,264705.8824,300000.0,3.0,3.0,170.0,150.0,14.57538295,121.0702814,Valle Verde 1 Townhouse for Sale in Pasig,"Valle Verde 1, Pasig"
NCR,Quezon City,quezon city,12000000,54545.45455,141176.4706,4.0,4.0,220.0,85.0,14.6679617,121.0565912,"Centerville compound, adjacent House for sale at Mira Nila Homes, Quezon City","Culiat, Quezon City"
NCR,Marikina,marikina,19500000,97500.0,52278.82038,4.0,3.0,200.0,373.0,14.6405888,121.1208184,"Rush Sale! Bungalow House in Rancho 1, Marikina City Lot 373 sq.m.","Concepcion Dos, Marikina"
NCR,Quezon City,quezon city,16495000,77079.43925,191802.3256,4.0,3.0,214.0,86.0,,,"5bedrooms Townhouse Unit at Pineglades Residences, Project 8, Quezon City","Bahay Toro, Quezon City, National Capital Region, Philippines Project 8, Quezon City"
NCR,Muntinlupa,muntinlupa,56000000,140000.0,149333.3333,4.0,4.5,400.0,375.0,14.4378843,121.0503212,"4 Bedroom House and Lot For Sale at Tierra Nueva Village, Muntinlupa City","Cupang, Muntinlupa"
NCR,Caloocan,caloocan,5340000,64337.3494,100754.717,3.0,2.0,83.0,53.0,,,3 Bedroom House & Lot in Amparo Caloocan sells for 5.3M only,"Marang Amparo Caloocan City Amparo, Caloocan"
NCR,Quezon City,quezon city,49000000,140000.0,204166.6667,4.0,3.0,350.0,240.0,14.6408237,121.0723185,"For Sale: 4 Bedroom Duplex House in Varsity Hills, Loyola Heights, Quezon City","C. Salvador Loyola Heights, Quezon City"
Region III (Central Luzon),Tarlac,tarlac,1750000,41666.66667,36458.33333,3.0,1.0,42.0,48.0,15.4139853,120.600176,For Sale 3 Bedroom Townhouse in Tuscany North Estate Burot Tarlac-uno,"Burot, Tarlac"
NCR,Quezon City,quezon city,19495000,62483.97436,198928.5714,5.0,4.0,312.0,98.0,,,5Bedrooms for Sale in Brizlane Residences Tandang Sora Quezon City.,"Cenacle Rd, 1128 Quezon City, Philippines Culiat, Quezon City"
NCR,San Juan,san juan,35120000,133030.303,379347.5913,5.0,5.0,264.0,92.58,14.6087274,121.0332511,"RFO Townhouse for sale in San Juan, 5 Bedrooms, 3 Car Garage","Pasadena, San Juan"
NCR,San Juan,san juan,35710000,138949.4163,435328.5383,4.0,4.0,257.0,82.03,14.6087274,121.0332511,"RFO Townhouse for sale in San Juan, 4 Bedrooms, 3 Car Garage","Pasadena, San Juan"
NCR,Muntinlupa,muntinlupa,16884800,86588.71795,70353.33333,5.0,4.0,195.0,240.0,14.4185637,121.0447216,"5 Bedroom Single Detached House and lot in Daang Reyna, Alabang (SAMANTHA)","Alabang, Muntinlupa"
NCR,San Juan,san juan,24590000,134371.5847,449789.647,3.0,2.0,183.0,54.67,14.6087274,121.0332511,"RFO Townhouse for sale in San Juan, 3 Bedrooms, 2 Car Garage","Pasadena, San Juan"
NCR,San Juan,san juan,42000000,150000.0,420000.0,4.0,5.0,280.0,100.0,,,"4 Bedrooms House and Lot in 186 Averilla, San Juan City, Metro Manila","186 Averilla St., San Juan City Little Baguio, San Juan"
NCR,Quezon City,quezon city,10280000,46727.27273,111739.1304,4.0,4.0,220.0,92.0,,,"4BR 3-Storey Duplex House for Sale at Palmera Homes 1 in Novaliches, Quezon City","Brgy. Sta. Monica Novaliches, Quezon City"
NCR,Quezon City,quezon city,6200000,62000.0,206666.6667,3.0,3.0,100.0,30.0,,,RFO 2 Storey Townhouse for sale in East Fairview near Commonwealth Quezon City,"East Fairview near Commonwealth Quezon City Fairview, Quezon City"
NCR,Quezon City,quezon city,14000000,82352.94118,115702.4793,3.0,3.0,170.0,121.0,14.6862585,121.099335,"Pre-selling 3-Bedroom House for Sale in Filinvest II, Quezon City","Batasan Hills, Quezon City"
NCR,Quezon City,quezon city,12800000,77575.75758,246153.8462,3.0,3.0,165.0,52.0,,,"3-Bedroom Townhouse with Roof Deck for Sale at Project 8, Quezon City","Lot 2-A Benefits corner Dividend Street Project 8, Quezon City"
NCR,Quezon City,quezon city,5116623,75244.45588,102332.46,3.0,2.0,68.0,50.0,14.6984863,121.0327857,For Sale Ready For Occupancy Affordable Townhouse in Quezon City,"Bagbag, Quezon City"
Region III (Central Luzon),Bulacan,bulacan,2182300,82350.9434,20395.3271,,,26.5,107.0,14.8030969,120.8804129,"L-TH-1-196 - Acquired Property for Sale in, Lot 41, Block 8, Modena Street, Camella Bulakan Subdivision, Phase 1, Brgy. Matungao, Bulacan, Bulacan","Matungao, Bulacan"
NCR,Quezon City,quezon city,33000000,106796.1165,354838.7097,4.0,5.0,309.0,93.0,14.625804,121.0020456,Refreshing New Townhouse near Banawe Area,"Lourdes, Quezon City"
NCR,Makati,makati,78000000,312000.0,520000.0,3.0,3.0,250.0,150.0,14.566261,121.0313853,OLD HOUSE & LOT POBLACION MAKATI FOR SALE near Makati Ave,"Poblacion, Makati"
NCR,Quezon City,quezon city,24430000,69800.0,222090.9091,4.0,4.0,350.0,110.0,14.6679617,121.0565912,"Brand New 4 Bedroom Townhouse For Sale in Sanville Subd., Quezon City","Culiat, Quezon City"
NCR,Quezon City,quezon city,11300000,94166.66667,188333.3333,3.0,3.0,120.0,60.0,14.6679427,121.0340442,Townhouse for sale in EDSA Mu√±oz Congressional Avenue Quezon City SNR Project 8,"Congressional Avenue, Quezon City"
NCR,Pasig,pasig,24000000,53333.33333,96000.0,5.0,3.0,450.0,250.0,14.5605166,121.0764343,"House and Lot For Sale in Victoria Place Executive Village, Pasig City",Pasig
NCR,Caloocan,caloocan,3700000,64912.2807,65777.77778,3.0,1.0,57.0,56.25,,,"Townhouse for Sale near SM at Evergreen Executive Village, Caloocan","Bagumbong, Caloocan City North, National Capital Region, Philippines Bagumbong, Caloocan"
NCR,Quezon City,quezon city,18000000,60000.0,45000.0,5.0,3.0,300.0,400.0,14.7055228,121.0742821,"Single Detached House for Sale near Dona Carmen MRT Station, Quezon City","Fairview, Quezon City"
NCR,Quezon City,quezon city,22500000,91463.41463,115979.3814,4.0,4.0,246.0,194.0,,,Fully Furnished House and Lot For Sale in Filinvest 2 Commonwealth Quezon City,"Filinvest 2 Batasan Commonwealth Quezon City Townhouse Katipunan, Teachers Village, UP Diliman, Ateneo, Miriam, City Hall, Philippine Kidney Hospital, Heart Center, Lung Center, MRT EDSA, SM North EDSA, Trinoma Congress, Batasang Pambansa House and Lot, Commonwealth, Quezon City"
NCR,Quezon City,quezon city,9750000,65555.03261,166581.2404,4.0,4.0,148.73,58.53,14.6818637,121.0322006,3 Garage 4BR Townhouse For Sale in Tandang Sora Quezon City Nr Mindanao Avenue,"Tandang Sora, Quezon City"
NCR,Quezon City,quezon city,5710000,48803.4188,131779.3676,3.0,4.0,117.0,43.33,14.7209396,121.038922,2-Storey Townhouse with 3 Bedrooms for Sale in Quezon City (RFO),"Novaliches, Quezon City"
NCR,Quezon City,quezon city,9700000,48500.0,121250.0,3.0,3.0,200.0,80.0,14.6641862,121.0201724,3 Storey Townhouse For Sale in Project 8 nr EDSA Munoz Congressional Quezon City,"Project 8, Quezon City"
NCR,Pasig,pasig,6450000,92142.85714,107500.0,3.0,2.0,70.0,60.0,,,"3BR Townhouse For Sale in Ortigas Avenue Extension, Pasig City","Birmingham Metropolis 3 Countryside Pasig City Santa Lucia, Pasig"
NCR,Pasig,pasig,8500000,70833.33333,93406.59341,4.0,,120.0,91.0,14.5658684,121.0855568,"4-BR Single-Attached House and Lot in San Miguel, Pasig City","San Miguel, Pasig"
NCR,Quezon City,quezon city,7300000,79694.32314,152400.8351,3.0,3.0,91.6,47.9,,,3BR Townhouse for sale in Pasong Tamo Tandang Sora Quezon City nr Congressional,"Tandang Sora Quezon City House and Lot nr Congressional Mindanao Avenue Visayas Avenue Commonwealth Teachers Village, UP Diliman, Ateneo, Project 8, Philippine Kidney Hospital, Heart Lung Center SM North EDSA, Trinoma, Quirino Highway, Novaliches, Sauyo, Pasong Tamo, Quezon City"
NCR,Manila,manila,11900000,66111.11111,226666.6667,3.0,4.0,180.0,52.5,14.6130359,120.9816425,"For Sale 4 Storey Townhouse at Sampaloc, Manila City","Philippines, Manila, Barangay 521, San Diego Sampaloc, Manila"
NCR,Mandaluyong,mandaluyong,33000000,120000.0,164179.1045,4.0,4.0,275.0,201.0,14.5774392,121.0338973,House and Lot for sale in Mandaluyong City,Mandaluyong
NCR,Caloocan,caloocan,5600000,57731.95876,112000.0,3.0,3.0,97.0,50.0,14.7560394,121.0492887,"3 Bedrooms House with Garage For Sale in Liliesville, Caloocan City","Camarin, Caloocan"
NCR,Taguig,taguig,11000000,110000.0,366666.6667,3.0,3.0,100.0,30.0,14.5095273,121.0380244,"3 Bedroom Townhouse for Sale in AFPOVAI, Taguig","Western Bicutan, Taguig"
NCR,Quezon City,quezon city,8350000,81862.7451,122794.1176,3.0,3.0,102.0,68.0,14.7055228,121.0742821,"East Fairview House and Lot 3 Bedrooms, 3 Toilet and Bath, Quezon City For Sale","Fairview, Quezon City"
NCR,Quezon City,quezon city,66060000,,180000.0,3.0,2.0,,367.0,14.6313914,121.0389159,For Sale : 3 Bedroom House & Lot at Scout Area in Quezon City,"Sacred Heart, Quezon City"
NCR,Muntinlupa,muntinlupa,78000000,204156.4152,129353.2338,4.0,5.0,382.06,603.0,14.4378843,121.0503212,"Great Deal Alabang Hills, Muntinlupa: House for Sale, Lot area 603 sqm","Cupang, Muntinlupa"
NCR,Quezon City,quezon city,9930000,62062.5,146029.4118,6.0,4.0,160.0,68.0,14.7055228,121.0742821,2-Storey Townhouse Unit with 6 Bedrooms for Sale in Quezon City (RFO),"Fairview, Quezon City"
NCR,Quezon City,quezon city,9850000,57798.38047,132214.7651,6.0,5.0,170.42,74.5,,,"Single Attached House 3 Storey for Sale in West Fairview, Quezon City","Carnation, 1118 Quezon City, Philippines Fairview, Quezon City"
NCR,Quezon City,quezon city,61440000,245760.0,160000.0,3.0,3.0,250.0,384.0,14.6130801,121.0729596,"For Sale 3 Bedroom House and Lot in St. Ignatius Village, Quezon City","Saint Ignatius, Quezon City"
NCR,Quezon City,quezon city,9850000,65666.66667,167802.385,4.0,4.0,150.0,58.7,14.6818637,121.0322006,3 Car Garage 4BR Townhouse For Sale in Tandang Sora Quezon City Mindanao Avenue,"Tandang Sora, Quezon City"
NCR,Valenzuela,valenzuela,5696435,69468.71951,87637.46154,3.0,3.0,82.0,65.0,14.6951994,121.0112037,"For Sale: 2 Storey Valenzuela Townhouse near Tandang Sora, Valenzuela City","Ugong, Valenzuela"
NCR,Quezon City,quezon city,10670517,74619.0,161674.5,3.0,3.0,143.0,66.0,14.7252015,121.043347,"The Alcove 3 Storey Townhouse For Sale in Santa Monica, Quezon City","Santa Monica, Quezon City"
NCR,San Juan,san juan,40000000,147058.8235,,3.0,3.0,272.0,,14.5978715,121.0351643,"Alvendia By Rockwell Townhouse for Sale in Santa Lucia, San Juan City","Santa Lucia, San Juan"
NCR,Pasig,pasig,9000000,30000.0,75000.0,4.0,2.0,300.0,120.0,14.5605166,121.0764343,RUSH! GREENWOODS PASIG - 4 Bedroom House and Lot with Balcony for Sale,Pasig
NCR,Quezon City,quezon city,12900000,99230.76923,265979.3814,3.0,3.0,130.0,48.5,14.6361294,121.0335841,"4Bedroom RFO Townhouse For Sale in Teachers Village, Quezon City near Kamias","Diliman, Quezon City"
NCR,Muntinlupa,muntinlupa,28000000,127853.8813,150537.6344,3.0,2.0,219.0,186.0,14.4569804,121.0531587,"For Sale 186 sqm Lot with 3 BR in La Posada Village, Sucat, Muntinlupa City","Sucat, Muntinlupa"
NCR,Quezon City,quezon city,36500000,172169.8113,289682.5397,4.0,3.0,212.0,126.0,14.67035355,121.0906154,FS.   Brand new M  Residences by Victor Consunji in Capitol hills QC,"Capitol Hills, Quezon City"
NCR,Quezon City,quezon city,40700000,123708.2067,328225.8065,4.0,4.0,329.0,124.0,14.6505356,121.0017007,Townhouse For Sale Near Grace Christian College Quezon City,"Balingasa, Quezon City"
NCR,Muntinlupa,muntinlupa,20000000,66666.66667,66666.66667,3.0,2.0,300.0,300.0,14.3891448,121.0449804,"House For Sale in Katarungan Village, Muntinlupa City, Metro Manila","Poblacion, Muntinlupa"
NCR,Quezon City,quezon city,15500000,83783.78378,198717.9487,3.0,4.0,185.0,78.0,14.6679617,121.0565912,"Furniture Included 3BR 3 Storey Townhouse for sale in Union Village, Quezon City","Culiat, Quezon City"
NCR,Quezon City,quezon city,10280000,52182.74112,133506.4935,5.0,3.0,197.0,77.0,14.7383609,121.0508834,Modern and Elegant Townhouse for Sale at New Haven Village in Quezon City,"Kaligayahan, Quezon City"
NCR,Pasig,pasig,100000000,217391.3043,526315.7895,5.0,5.0,460.0,190.0,14.5841307,121.0732458,"3-Storey Brand New 5BR Townhouse in Valle Verde 6, Pasig City for Sale | Unit 3","Ugong, Pasig"
NCR,Muntinlupa,muntinlupa,66000000,132000.0,146666.6667,5.0,5.0,500.0,450.0,14.4378843,121.0503212,"5 Bedrooms House for Sale in Hillsborough, Alabang Village, Muntinlupa","Cupang, Muntinlupa"
NCR,Quezon City,quezon city,10900000,77857.14286,136250.0,3.0,3.0,140.0,80.0,14.6818637,121.0322006,"3 Bedroom Townhouse with Garage in Nia Village, Quezon City","Tandang Sora, Quezon City"
NCR,Pasig,pasig,36500000,152083.3333,214705.8824,4.0,3.0,240.0,170.0,14.5841307,121.0732458,"For Sale : Green Valley Townhomes in Valle Verde, Pasig City","Ugong, Pasig"
NCR,Quezon City,quezon city,9500000,69597.0696,113459.9307,3.0,3.0,136.5,83.73,14.6679617,121.0565912,Culiat (Area in Quezon City) near Visayas Avenue 3 Bedroom 2 Storey Townhouse,"Culiat, Quezon City"
NCR,Quezon City,quezon city,33000000,,80097.08738,3.0,,,412.0,14.6442313,121.059698,House and Lot in Teachers Village,"Teachers Village East, Quezon City"
NCR,Muntinlupa,muntinlupa,8000000,38095.2381,102564.1026,4.0,4.0,210.0,78.0,14.3889191,121.0255267,Brand New 3 Storey Duplex Katarungan Village,"katarungan Poblacion, Muntinlupa"
NCR,Quezon City,quezon city,7300000,79694.32314,152400.8351,3.0,3.0,91.6,47.9,14.6827233,121.0617082,"Townhouse for sale in Pasong Tamo, Tandang Sora Quezon City Near Congressional","Pasong Tamo, Quezon City"
NCR,Quezon City,quezon city,4750000,52089.04485,79166.66667,3.0,2.0,91.19,60.0,14.7055228,121.0742821,"4.75M 3BR Townhouse Unit with 1 Car Garage for Sale in Fairview, Quezon City","Fairview, Quezon City"
NCR,Pasig,pasig,7000000,69790.62812,97222.22222,3.0,2.0,100.3,72.0,14.5658684,121.0855568,"3-Bedroom Duplex House and Lot For Sale in San Miguel, Pasig City","San Miguel, Pasig"
NCR,San Juan,san juan,85000000,78703.7037,50000.0,5.0,6.0,1080.0,1700.0,13.7367475,121.420371,"A White Beachfront Resthouse for Sale in San Juan, Batangas","Calubcub II, San Juan"
NCR,Pasig,pasig,26950000,53900.0,74447.51381,5.0,,500.0,362.0,14.5658684,121.0855568,Newly painted House and Lot for Sale in Greenwoods Executive Village Pasig City,"San Miguel, Pasig"
NCR,Mandaluyong,mandaluyong,22800000,100000.0,414545.4545,4.0,4.0,228.0,55.0,14.5766961,121.034781,Townhouse For sale in Mandaluyong city 3 Car garage,"Plainview, Mandaluyong"
NCR,San Juan,san juan,9750000,65878.37838,69642.85714,4.0,2.0,148.0,140.0,16.66243945,120.3306378,San Juan 4BR Near the Beach  Modern Design House and Lot Package (RFO),"Panicsican, San Juan"
NCR,Quezon City,quezon city,26000000,236363.6364,54621.84874,4.0,3.0,110.0,476.0,,,For Sale 4-Bedroom House & Lot along Cirilo Street near Don Antonio Quezon City,"Cirilo Street, Isidora Hills Subdivision Holy Spirit, Quezon City"
NCR,Quezon City,quezon city,35530000,179444.4444,320090.0901,4.0,3.0,198.0,111.0,14.6510546,121.0486254,RFO House and Lot for sale in the heart of Quezon City!,Quezon City
NCR,Quezon City,quezon city,73780000,295120.0,170000.0,3.0,3.0,250.0,434.0,14.6130801,121.0729596,"House and lot For Sale at Saint Ignatius Village, Quezon City","Saint Ignatius, Quezon City"
NCR,Taguig,taguig,63000000,366279.0698,157500.0,4.0,4.0,172.0,400.0,14.5494253,121.0509721,"AFPOVAI House and Lot for Sale - Phase 5 in AFPOVAI, Fort Bonifacio, Taguig City","Fort Bonifacio, Taguig"
NCR,Quezon City,quezon city,4200000,64615.38462,87500.0,3.0,2.0,65.0,48.0,14.7383609,121.0508834,New North Olympus Brand New Townhouse for Sale in Quezon City - jojo  Obra,"Kaligayahan, Quezon City"
NCR,Mandaluyong,mandaluyong,24000000,292682.9268,120000.0,3.0,2.0,82.0,200.0,14.5766961,121.034781,Renovated 3BR Townhouse in near Wack-Wack Manda shaw edsa,"Plainview, Mandaluyong"
NCR,Quezon City,quezon city,48000000,151639.6032,135977.3371,5.0,4.0,316.54,353.0,14.6862585,121.099335,"5 Bedroom Modern House For Sale in Vista Real Classica 2 Homes, Quezon City","Batasan Hills, Quezon City"
NCR,Manila,manila,13000000,100000.0,260000.0,3.0,,130.0,50.0,14.6142957,120.9911224,"3BR Townhouse in Sampaloc, Manila City For Sale near UST Manila","M Dela Fuente Sampaloc Manila Sampaloc, Manila"
NCR,Makati,makati,80000000,245398.773,245398.773,4.0,3.0,326.0,326.0,14.566261,121.0313853,"Rush Sale Old House and Lot in San Miguel Village, Makati City","Poblacion, Makati"
NCR,Quezon City,quezon city,7500000,54347.82609,129310.3448,4.0,4.0,138.0,58.0,14.70677915,121.0732365,Brand New 3 Story Townhouse in East Fairview Q.C. Philhomes - Jojo F Obra,"Philippines, Quezon City, Fairview Fairview, Quezon City"
NCR,San Juan,san juan,15300000,106993.007,566666.6667,3.0,3.0,143.0,27.0,14.6017402,121.0314553,"3 Bedroom Townhouse for Sale in San Juan, Modern and Practical Design","Onse, San Juan"
NCR,Quezon City,quezon city,22995980,83000.0,338176.1765,3.0,4.0,277.06,68.0,14.6442313,121.059698,"FOR SALE - Townhouse in Brgy. Teacher East Village, Quezon City","Teachers Village East, Quezon City"
NCR,Muntinlupa,muntinlupa,90000000,128571.4286,225000.0,5.0,5.0,700.0,400.0,,,"5 Bedroom House for Sale with Pool & Elevator at Hillsborough, Muntinlupa City","Buckingham, 1771 Muntinlupa, Philippines Cupang, Muntinlupa"
NCR,Quezon City,quezon city,8200000,73214.28571,136666.6667,3.0,2.0,112.0,60.0,,,2 Storey Ready for Occupancy Townhouse in NIA Tandang Sora Quezon City Last Unit,"Tandang Sora, Quezon City, National Capital Region, Philippines Tandang Sora, Quezon City"
NCR,Pasig,pasig,30000000,60000.0,147058.8235,6.0,5.0,500.0,204.0,14.5574086,121.0909665,"House and lot for Sale in Greenwoods Executive Village, Pasig City","Pinagbuhatan, Pasig"
NCR,Muntinlupa,muntinlupa,63500000,90714.28571,138043.4783,7.0,7.0,700.0,460.0,14.3801129,121.0514828,Pre-Owned Stylish 3 Storey Home with Swimming Pool for Sale in Muntinlupa City,"Tunasan, Muntinlupa"
NCR,Quezon City,quezon city,5400000,77142.85714,80000.0,3.0,2.0,70.0,67.5,,,"Brand New 3BR Townhouse for Sale in Cresta Verde, Quezon City, Philhomes","Cresta Verde Ave, Quezon City, Philippines Santa Monica, Quezon City"
NCR,Quezon City,quezon city,10500000,58333.33333,59659.09091,3.0,2.0,180.0,176.0,14.6838626,121.0761031,Timeless-Designed Single Detached House and Lot at Don Antonio Heights,"Holy Spirit, Quezon City"
NCR,Muntinlupa,muntinlupa,43000000,107500.0,113157.8947,4.0,5.0,400.0,380.0,,,"2-Storey House For Sale in Hillsborough Alabang, Muntinlupa City","Buckingham, 1771 Muntinlupa, Philippines Cupang, Muntinlupa"
NCR,Pasig,pasig,8530000,64135.33835,94777.77778,3.0,3.0,133.0,90.0,14.5842641,121.1013028,"Townhouse For Sale at Riverside Residences, Santa Lucia, Pasig City","Santa Lucia, Pasig"
NCR,Muntinlupa,muntinlupa,43000000,113157.8947,107500.0,4.0,5.0,380.0,400.0,,,Hillsborough Alabang 2 Storey House For Sale in Muntinlupa near Alabang West,"Buckingham, 1771 Muntinlupa, Philippines Cupang, Muntinlupa"
NCR,Quezon City,quezon city,16500000,97058.82353,165000.0,2.0,3.0,170.0,100.0,14.6383351,121.0595245,"Warm Modern Townhouse for sale in Sikatuna Village, Quezon City -Keziah","Sikatuna Village, Quezon City"
NCR,Quezon City,quezon city,23000000,151315.7895,433962.2642,3.0,4.0,152.0,53.0,14.6442313,121.059698,Serene and Private Townhouse for Sale in Quezon City,"Teachers Village East, Quezon City"
NCR,Quezon City,quezon city,9800000,82352.94118,153125.0,3.0,3.0,119.0,64.0,14.6909849,121.0464956,Ready for Occupancy Modern Townhouse,"Bucao St., Nia Village Tandang Sora , Quezon City Tandang Sora, Quezon City"
NCR,Pasig,pasig,55000000,264423.0769,,4.0,3.5,208.0,,14.5841307,121.0732458,"New in the market ! For Sale Luntala Townhouse in Valle Verde 7, Pasig","Ugong, Pasig"
NCR,Marikina,marikina,32000000,106666.6667,106666.6667,3.0,3.0,300.0,300.0,14.6271043,121.0800034,3 Storey Brand New House For Sale in Cinco Hermanos - Marikina,"Industrial Valley, Marikina"
NCR,Mandaluyong,mandaluyong,87000000,135937.5,201388.8889,4.0,3.0,640.0,432.0,14.5811187,121.0295749,Newly Renovated and Modern Classic Design House and Lot For Sale in Mandaluyong,"San Jose, Mandaluyong"
NCR,Pasig,pasig,75000000,129087.7797,114854.5176,5.0,5.0,581.0,653.0,,,Parkwood Greens Executive Village Pasig Nice Victorian House & Lot For Sale,"Suarez Ave, Pasig, Philippines Maybunga, Pasig"
NCR,Quezon City,quezon city,95000000,237500.0,230582.5243,4.0,4.0,400.0,412.0,14.619062,121.0731209,4 Bedroom House and Lot For Sale in Blue Ridge Quezon City with Pool,"Blue Ridge A, Quezon City"
NCR,San Juan,san juan,37380000,147165.3543,480833.5477,3.0,3.0,254.0,77.74,14.5942824,121.031553,"For Sale: 3 Bedroom House and Lot in Gruet Heights, San Juan","Maytunas, San Juan"
NCR,Muntinlupa,muntinlupa,10000000,31847.13376,63694.26752,3.0,4.0,314.0,157.0,14.3891448,121.0449804,"For Sale: 3 Bedroom House and Lot in Katarungan Village, Muntinlupa","Poblacion, Muntinlupa"
Region III (Central Luzon),Tarlac,tarlac,1140000,19000.0,5700.0,1.0,1.0,60.0,200.0,,,"San Rafael, Tarlac City, Foreclosed House and Lot - 10108000000356","Lot 153 Block 3, Road Lot 1, Filomena Subdivision San Rafael, Tarlac"
NCR,Makati,makati,18000000,114372.8555,146579.8046,3.0,2.0,157.38,122.8,,,"For Sale 2-Storey 3 Bedroom Single-family House with Garage, Porch, Makati","237 Apitong Street Comembo, Makati"
NCR,Quezon City,quezon city,45000000,112500.0,150000.0,5.0,5.0,400.0,300.0,14.7209396,121.038922,Breathtaking Brand New Modern Asian House and Lot For Sale in Casa Milan QC,"Novaliches, Quezon City"
NCR,Muntinlupa,muntinlupa,16884800,86588.71795,70353.33333,3.0,2.0,195.0,240.0,14.3801129,121.0514828,3 Bedroom House and Lot for sale at Victoria South of Alabang (Samantha),"Tunasan, Muntinlupa"
NCR,Quezon City,quezon city,16500000,63461.53846,206250.0,3.0,4.0,260.0,80.0,,,Kamuning 2 Car Garage Townhouse Spacious Bedrooms Plus Roofdeck SD,"Kamuning, Quezon City, National Capital Region, Philippines Kamuning, Quezon City"
NCR,Quezon City,quezon city,16500000,63461.53846,102484.472,4.0,3.0,260.0,161.0,14.6410904,121.0737779,Rush Sale! P16.5M NET Xavierville 1 Old House L.A.161 sqm,"Loyola Heights, Quezon City"
NCR,Marikina,marikina,12000000,,50000.0,3.0,2.0,,240.0,14.6405888,121.1208184,House & Lot for Sale in Marikina City,"Concepcion Dos, Marikina"
NCR,Pasig,pasig,7500000,41666.66667,125000.0,4.0,4.0,180.0,60.0,14.5574086,121.0909665,zero dp house for sale in greenwoods executive village pasig,"Pinagbuhatan, Pasig"
NCR,Muntinlupa,muntinlupa,16884800,86588.71795,70353.33333,5.0,4.0,195.0,240.0,14.3801129,121.0514828,5 Bedrooms Single Detached Complete House Sale Victoria Alabang Manila,"Tunasan, Muntinlupa"
NCR,Quezon City,quezon city,6000000,50000.0,98895.66507,5.0,2.0,120.0,60.67,,,2 Storey Townhouse for Sale Near Cubao Q.C.,"84F Brgy Claro Aguho Street, Project 3, Quezon City near Cubao Claro, Quezon City"
NCR,Pasig,pasig,16000000,84210.52632,66666.66667,9.0,4.0,190.0,240.0,14.5889935,121.0678685,2 HOUSE & LOT /2 House property 9 BR 4 T&B 3 Car Garage,"Ortigas Avenue, Pasig"
NCR,San Juan,san juan,13554567,135545.67,67772.835,3.0,3.0,100.0,200.0,13.7440111,121.4281827,3 Bedroom beach house Property for Sale in Sea Front Residences,San Juan
NCR,Pasig,pasig,25800000,121698.1132,228318.5841,3.0,3.0,212.0,113.0,14.5711649,121.0594975,"113 sqm 3BR Townhouse with 2 Parking Slots for Sale in Kapitolyo, Pasig City","Kapitolyo, Pasig"
NCR,San Juan,san juan,39500000,79000.0,137630.662,4.0,3.0,500.0,287.0,14.6017402,121.0314553,Spacious and Airy House and Lot For Sale in San Juan City,"Onse, San Juan"
NCR,Quezon City,quezon city,10280000,46727.27273,133506.4935,5.0,3.0,220.0,77.0,14.7383609,121.0508834,2 Car Garage New Heaven Villas Townhouse for Sale near Landers,"Kaligayahan, Quezon City"
NCR,Quezon City,quezon city,35000000,100000.0,70564.51613,4.0,3.0,350.0,496.0,14.6679617,121.0565912,"Sanville Subdivision, Quezon City | Four Bedroom House and Lot For Sale - #6305","Culiat, Quezon City"
NCR,Muntinlupa,muntinlupa,3950000,60769.23077,79000.0,3.0,2.0,65.0,50.0,14.3891448,121.0449804,Katarungan Village Muntinlupa Affordable 3-BR Townhouse For Sale,"Poblacion, Muntinlupa"
NCR,Muntinlupa,muntinlupa,52000000,108333.3333,104000.0,6.0,4.5,480.0,500.0,,,"Susana Heights, Muntinlupa City House and Lot for Sale! 2 Storey 6 Bedroom","Tunasan, Muntinlupa, National Capital Region, Philippines Tunasan, Muntinlupa"
NCR,Quezon City,quezon city,12230000,66856.17449,194745.2229,3.0,3.0,182.93,62.8,14.6361294,121.0335841,182sqm 3BR 3 Storey Townhouse for sale near Teachers Village Diliman Quezon City,"Diliman, Quezon City"
NCR,Quezon City,quezon city,20000000,66666.66667,83333.33333,5.0,5.0,300.0,240.0,14.6978613,121.1104093,"2 Storey House and Lot for Sale in Filinvest 2, Batasan Hills, Quezon City","Bagong Silangan, Quezon City"
NCR,Marikina,marikina,6900000,77615.29809,130188.6792,3.0,2.0,88.9,53.0,,,Marikina Heights TOWNHOUSE  2 Storey 3 bedroom with Parking,"Ordonez St. Corner Champaca St. Marikina Heights, Marikina"
NCR,Quezon City,quezon city,25000000,126262.6263,,3.0,4.0,198.0,,14.6063578,121.0818908,"Newly Renovated Townhouse for sale at Circulo Verde, Quezon City","Bagumbayan, Quezon City"
NCR,Muntinlupa,muntinlupa,2700000,72972.97297,34177.21519,2.0,1.0,37.0,79.0,,,"Two (2) Bedroom House and Lot at Victoria Homes, Muntinlupa City For Sale","Magenta St., Saphhire Hills, Victoria Homes, Muntinlupa City Tunasan, Muntinlupa"
NCR,Marikina,marikina,8500000,134920.6349,29513.88889,2.0,1.0,63.0,288.0,14.6405888,121.1208184,"For Sale Residential House and Lot in SSS Village, Marikina City","Concepcion Dos, Marikina"
NCR,Quezon City,quezon city,17500000,58333.33333,72916.66667,5.0,3.0,300.0,240.0,14.6978613,121.1104093,2 Storey House and Lot for Sale in Filinvest 2 Batasan Hills  Quezon City,"1 Bagong Silangan, Quezon City"
NCR,Quezon City,quezon city,92000000,218527.3159,230000.0,5.0,5.0,421.0,400.0,14.6716797,121.0745345,Brand New House and Lot For Sale Capitol Homes Quezon City with Pool,"Matandang Balara, Quezon City"
NCR,San Juan,san juan,57000000,148051.9481,,5.0,4.0,385.0,,14.6087274,121.0332511,Francis Court Townhouse  | Five Bedroom Townhouse for Sale at San Juan - #5842,"Pasadena, San Juan"
NCR,Pasig,pasig,29000000,64444.44444,151832.4607,6.0,6.0,450.0,191.0,14.5904898,121.0882718,6 Bedroom Modern Corner lot Haven with swimming pool located in Pasig city.,"Rosario, Pasig"
NCR,Quezon City,quezon city,45000000,128571.4286,96982.75862,5.0,5.0,350.0,464.0,14.6838626,121.0761031,"House and Lot for Sale in BF Homes Quezon City, Metro Manila","Holy Spirit, Quezon City"
NCR,Quezon City,quezon city,15000000,49504.9505,166666.6667,5.0,4.0,303.0,90.0,14.6862585,121.099335,"For Sale Brand New Townhouse in Filinvest 2, Quezon City","Batasan Hills, Quezon City"
NCR,Quezon City,quezon city,25000000,92592.59259,247524.7525,3.0,3.0,270.0,101.0,14.6432727,121.0308148,"3 Bedroom House and Lot For Sale in Quezon City, West Avenue","West Triangle, Quezon City"
NCR,Quezon City,quezon city,28000000,,93333.33333,6.0,2.0,,300.0,14.6305587,121.0495397,"Bungalow House for SALE in West Kamias, Quezon City","West Kamias, Quezon City"
NCR,Marikina,marikina,18000000,69230.76923,125000.0,3.0,3.0,260.0,144.0,14.6403852,121.0966298,"For Sale: House & Lot in Vista Valley Executive Village, Marikina City","Santo Nino, Marikina"
NCR,Quezon City,quezon city,8000000,72727.27273,177777.7778,3.0,2.0,110.0,45.0,14.6868317,121.035975,3 Storey Townhouse for Sale in Tandang Sora near Mindanao Avenue Quezon City,"1 Tandang Sora, Quezon City"
NCR,Manila,manila,27000000,,150000.0,6.0,6.0,,180.0,14.6031403,120.993417,"For Sale Ancestral House & Lot Circa 1928 Earnshaw, Manila (Neg.)","Sampaloc, Manila"
NCR,Quezon City,quezon city,45000000,112500.0,150000.0,5.0,5.0,400.0,300.0,14.7209396,121.038922,4 BR Modern Elegant Home for Sale in Novaliches Quezon City near SM Fairview,"Novaliches, Quezon City"
NCR,Quezon City,quezon city,16500000,68750.0,275000.0,4.0,4.0,240.0,60.0,14.6292389,121.0458642,"For Sale Brand New Townhouse in Kamuning, Quezon City","K-3rd Street Kamuning, Quezon City"
NCR,San Juan,san juan,28000000,66666.66667,88888.88889,8.0,4.0,420.0,315.0,14.6063099,121.0502649,"For Sale: 315 sqm Pre-Owned Residential House & Lot in West Crame, San Juan City","West Crame, San Juan"
NCR,Quezon City,quezon city,72000000,142857.1429,240000.0,4.0,4.0,504.0,300.0,14.6862585,121.099335,"Modern House and Lot in Vista Real Classica, Quezon City For Sale","Batasan Hills, Quezon City"
NCR,Pasig,pasig,29000000,86826.34731,123404.2553,5.0,4.0,334.0,235.0,14.5658684,121.0855568,Greenwoods Executive Village House and Lot for Sale! Pasig City,"San Miguel, Pasig"
NCR,Muntinlupa,muntinlupa,24000000,96000.0,80000.0,4.0,,250.0,300.0,14.4569804,121.0531587,For Sale: House and Lot in Sucat Muntinlupa (Pre-owned) w/ 2 Car Garage,"Sucat, Muntinlupa"
NCR,Pasig,pasig,25500000,72857.14286,170000.0,7.0,6.0,350.0,150.0,14.5658684,121.0855568,Modern Asian 3-Storey House with Pool in Greenwoods Executive Village Pasig City,"San Miguel, Pasig"
NCR,Marikina,marikina,6500000,21666.66667,17105.26316,5.0,3.0,300.0,380.0,14.6510742,121.1038227,"Unfinished House and Lot for Sale in Concepcion Uno, Marikina","Concepcion Uno, Marikina"
NCR,Muntinlupa,muntinlupa,13000000,92857.14286,54166.66667,3.0,3.0,140.0,240.0,14.3801129,121.0514828,"Alyza Single Detached in Victoria South of Alabang, Muntinlupa","Tunasan, Muntinlupa"
NCR,Pasig,pasig,25000000,65789.47368,166666.6667,6.0,6.0,380.0,150.0,14.5658684,121.0855568,"Modern Contemporary House for sale in Greenwoods Pasig city near Taguig, Makati","San Miguel, Pasig"
NCR,Quezon City,quezon city,5480000,58063.14897,91333.33333,3.0,2.0,94.38,60.0,,,Single Attached House and Lot For Sale in Zabarte Subd. Quezon City,"Penguin St., Zabarte Subd., Quezon City Kaligayahan, Quezon City"
NCR,Marikina,marikina,6500000,80246.91358,73189.95609,3.0,2.0,81.0,88.81,14.6589442,121.1118171,Preselling 3 Bedroom 2 Carpark In Parang Marikina,"Parang, Marikina"
NCR,Quezon City,quezon city,6950000,72395.83333,115833.3333,3.0,3.0,96.0,60.0,14.7055228,121.0742821,Townhouse For Sale in North Fairview with 1 Car Garage and 3 Bedrooms. PH2594,"Fairview, Quezon City"
NCR,Muntinlupa,muntinlupa,63500000,90714.28571,138043.4783,7.0,7.0,700.0,460.0,14.4185637,121.0447216,"7 Bedroom House and Lot For Sale at Muntinlupa, Metro Manila","Alabang, Muntinlupa"
NCR,Marikina,marikina,6600000,47142.85714,94285.71429,4.0,2.0,140.0,70.0,,,RFO 2 Storey Townhouse For Sale w/ 4BR in Marikina Heights PH2886,"Panorama St, 1811 Marikina, Philippines Marikina Heights, Marikina"
NCR,Muntinlupa,muntinlupa,50000000,105263.1579,147928.9941,4.0,4.0,475.0,338.0,14.3801129,121.0514828,"Modern 4BR House and Lot for sale - Lindenwood, Muntinlupa City","Tunasan, Muntinlupa"
NCR,Quezon City,quezon city,13000000,72222.22222,216666.6667,3.0,3.0,180.0,60.0,14.6361294,121.0335841,"Duplex House For Sale in New Intramuros Village, Quezon City","Diliman, Quezon City"
NCR,Quezon City,quezon city,10900000,77857.14286,136250.0,3.0,1.0,140.0,80.0,14.6679427,121.0340442,"80 sqm Lot with 3 Bedrooms near Congressional, Quezon City","Congressional Avenue, Quezon City"
NCR,Caloocan,caloocan,4438000,61638.88889,55475.0,3.0,2.0,72.0,80.0,14.7547818,121.0256669,For Sale: Single Attached 3 bedrooms in Caloocan nr in SM Fairview with parking,"Saranay Road Bagumbong Caloocan City Bagumbong, Caloocan"
NCR,Pasig,pasig,7000000,63636.36364,95890.41096,3.0,3.0,110.0,73.0,,,"2-Storey Townhouse for sale in Rosario, Pasig City, Metro Manila","De Castro Ave, Pasig, Philippines Rosario, Pasig"
NCR,Quezon City,quezon city,22600000,85061.53788,332352.9412,4.0,4.0,265.69,68.0,14.6442313,121.059698,"4 Storey Semi Furnished Townhouse For Sale in Teachers Village, Quezon City","Teachers Village East, Quezon City"
NCR,Quezon City,quezon city,16000000,91428.57143,238805.9701,3.0,3.0,175.0,67.0,14.6442313,121.059698,"Townhouse For Sale in Teachers Village, Quezon City near Araneta Center","Teachers Village East, Quezon City"
NCR,Pasig,pasig,8530000,64621.21212,94777.77778,3.0,2.0,132.0,90.0,14.5842641,121.1013028,New Townhouse For Sale - Exclusive Village in Pasig City,"Santa Lucia, Pasig"
NCR,Quezon City,quezon city,5000000,72463.76812,142857.1429,2.0,1.0,69.0,35.0,14.6641862,121.0201724,2 Bedroom Townhouse Unit for Sale at Quezon City in July Extension,"Project 8, Quezon City"
NCR,Pasig,pasig,15500000,86111.11111,129166.6667,5.0,3.0,180.0,120.0,14.5658684,121.0855568,5 Bedroom Sophisticated Brand New 2-Storey House for sale in Greenwoods Pasig,"San Miguel, Pasig"
NCR,Taguig,taguig,22749290,190737.7379,303323.8667,4.0,4.0,119.27,75.0,,,4 Bedrooms House and Lot For Sale near Makati and Global City Taguig,"M Residences at Mahogany Place 3, Acacia Estates, Taguig City Bambang, Taguig"
NCR,Taguig,taguig,24372955,146825.0301,324972.7333,4.0,3.0,166.0,75.0,14.525747,121.0729149,"RFO Prime Luxury New Townhouse For Sale at Acacia Estates, Taguig City","Bambang, Taguig"
NCR,Pasig,pasig,16500000,90659.34066,129921.2598,4.0,3.0,182.0,127.0,14.5658684,121.0855568,Newly Built Modern House in Greenwoods Executive Village (Corner Lot) for Sale!,"San Miguel, Pasig"
NCR,Taguig,taguig,45000000,121621.6216,225000.0,4.0,3.0,370.0,200.0,14.5095273,121.0380244,Modern 4BR House with Swimming Pool in AFPOVAI Taguig for Sale,"Western Bicutan, Taguig"
